{"type":"FeatureCollection","features":[{"type":"Feature","geometry":{"type":"Polygon","coordinates":[[[-74.516138,4.318805],[-74.516186,4.318492],[-74.51633,4.318331],[-74.51647,4.318225],[-74.516608,4.318186],[-74.516458,4.318028],[-74.516285,4.318137],[-74.516166,4.318216],[-74.515916,4.318338],[-74.515811,4.31841],[-74.515945,4.318635],[-74.516138,4.318805]]]},"properties":{"@id":"way/422437280","area":"yes","highway":"pedestrian"},"id":"way/422437280"},{"type":"Feature","geometry":{"type":"LineString","coordinates":[[-74.663447,4.303873],[-74.663655,4.303872],[-74.663826,4.303821],[-74.664132,4.303559],[-74.666154,4.301762],[-74.669116,4.298975],[-74.669395,4.298772],[-74.669553,4.298731],[-74.669758,4.298726],[-74.670037,4.298722],[-74.670116,4.298719],[-74.670736,4.2987],[-74.670927,4.298678],[-74.671071,4.298611],[-74.671122,4.298533],[-74.671121,4.298458],[-74.671097,4.29838],[-74.670814,4.297783],[-74.670732,4.297531],[-74.670723,4.297423],[-74.670766,4.297201],[-74.670821,4.297043],[-74.670896,4.296949],[-74.671105,4.296866],[-74.671274,4.296765],[-74.67143,4.296641],[-74.671801,4.296326],[-74.671891,4.296192],[-74.671938,4.296015],[-74.671965,4.295657],[-74.672006,4.295501],[-74.672093,4.295361],[-74.67229,4.295141],[-74.673254,4.294214],[-74.673954,4.293262],[-74.675145,4.291646],[-74.675607,4.290635],[-74.675794,4.2904],[-74.675941,4.290273],[-74.676157,4.290132],[-74.676867,4.289705],[-74.677017,4.289556],[-74.677114,4.289395],[-74.677137,4.289221],[-74.677187,4.288445],[-74.677174,4.288261],[-74.677167,4.288164],[-74.677165,4.288032],[-74.677186,4.287905],[-74.677238,4.287715],[-74.67728,4.287533],[-74.677699,4.28649],[-74.677786,4.286358],[-74.677908,4.28627],[-74.678855,4.285812],[-74.679137,4.28561],[-74.679914,4.284922],[-74.680262,4.28459],[-74.680348,4.284523],[-74.680402,4.284481],[-74.680504,4.284443],[-74.680871,4.284349],[-74.681103,4.284298],[-74.681321,4.284206],[-74.681497,4.284093],[-74.682399,4.28348],[-74.682614,4.283326],[-74.682748,4.28317],[-74.683875,4.281562],[-74.685286,4.279546],[-74.685466,4.2793],[-74.685615,4.279134],[-74.685886,4.278914],[-74.686092,4.278738],[-74.686557,4.278167],[-74.686626,4.278017],[-74.686649,4.277888],[-74.686637,4.277738],[-74.686594,4.276979],[-74.686588,4.276699],[-74.686588,4.276459],[-74.686606,4.276333],[-74.686641,4.276202],[-74.686692,4.276096],[-74.686865,4.275873],[-74.687397,4.275304],[-74.688733,4.273967],[-74.689817,4.272865],[-74.690873,4.271779],[-74.691308,4.27125],[-74.691524,4.270949],[-74.6925,4.269715],[-74.694253,4.267665],[-74.69504,4.266945],[-74.695659,4.26654],[-74.696231,4.266178],[-74.696584,4.265964],[-74.697367,4.265418],[-74.698142,4.26492],[-74.698872,4.26445],[-74.699446,4.264174],[-74.700766,4.2638],[-74.701297,4.263671],[-74.702235,4.263465],[-74.702901,4.263385],[-74.704011,4.263386],[-74.704714,4.263342],[-74.705044,4.263294],[-74.705341,4.263203],[-74.705508,4.26307],[-74.705613,4.262947],[-74.705725,4.262805],[-74.706011,4.262328],[-74.706124,4.262223],[-74.706249,4.262144],[-74.706468,4.262069],[-74.706638,4.262054],[-74.706933,4.262033],[-74.707722,4.262004],[-74.707868,4.261967],[-74.708,4.261923],[-74.708147,4.261858],[-74.708337,4.261732],[-74.708563,4.261481],[-74.708676,4.261361],[-74.709259,4.260786],[-74.710306,4.259788],[-74.710955,4.259144],[-74.71127,4.258822],[-74.711439,4.258665],[-74.711617,4.258518],[-74.71246,4.25801],[-74.714484,4.256956],[-74.715794,4.256258],[-74.715951,4.256134],[-74.716106,4.255996],[-74.716439,4.255547],[-74.717228,4.254486],[-74.718345,4.25297],[-74.718595,4.252744],[-74.718883,4.252533],[-74.719551,4.252317],[-74.720976,4.251871],[-74.721736,4.251694],[-74.722056,4.251606],[-74.722543,4.251489],[-74.723959,4.251034],[-74.724595,4.250843],[-74.724817,4.250746],[-74.724985,4.250631]]},"properties":{"@id":"way/30495390","highway":"tertiary","lanes":"2","name":"Vía Melgar-Nilo","source":"bing","surface":"asphalt","width":"8"},"id":"way/30495390"},{"type":"Feature","geometry":{"type":"LineString","coordinates":[[-74.616203,4.307217],[-74.61687,4.307214],[-74.61752,4.307182],[-74.618049,4.307151],[-74.618479,4.30714],[-74.618634,4.307146],[-74.618726,4.307196],[-74.619234,4.307586],[-74.619742,4.308122]]},"properties":{"@id":"way/80182151","highway":"residential","name":"Carrera 2"},"id":"way/80182151"},{"type":"Feature","geometry":{"type":"LineString","coordinates":[[-74.623151,4.308219],[-74.623029,4.30853],[-74.622907,4.308842]]},"properties":{"@id":"way/80182156","highway":"residential"},"id":"way/80182156"},{"type":"Feature","geometry":{"type":"LineString","coordinates":[[-74.620365,4.305478],[-74.619759,4.306138],[-74.619314,4.306562],[-74.618726,4.307196],[-74.617675,4.308238]]},"properties":{"@id":"way/80182164","highway":"residential","name":"Calle 3"},"id":"way/80182164"},{"type":"Feature","geometry":{"type":"LineString","coordinates":[[-74.623952,4.306397],[-74.622955,4.305589],[-74.622674,4.305456],[-74.622389,4.305359],[-74.622308,4.305305],[-74.62218,4.305248],[-74.621974,4.305262],[-74.62147,4.305417],[-74.621172,4.305535],[-74.621037,4.30564],[-74.620708,4.305966],[-74.620191,4.306532],[-74.62015,4.306583],[-74.619782,4.307011],[-74.619234,4.307586],[-74.618258,4.308542],[-74.618158,4.308704]]},"properties":{"@id":"way/80182179","highway":"unclassified","name":"Calle 4"},"id":"way/80182179"},{"type":"Feature","geometry":{"type":"LineString","coordinates":[[-74.62199,4.308091],[-74.622287,4.308217],[-74.622686,4.308386],[-74.623029,4.30853],[-74.623512,4.308733]]},"properties":{"@id":"way/80182185","highway":"residential"},"id":"way/80182185"},{"type":"Feature","geometry":{"type":"LineString","coordinates":[[-74.619948,4.304897],[-74.619621,4.305252],[-74.619517,4.305438],[-74.619503,4.305596],[-74.619445,4.305732],[-74.619402,4.305806],[-74.618974,4.306209]]},"properties":{"@id":"way/80182200","highway":"residential","name":"Calle 2"},"id":"way/80182200"},{"type":"Feature","geometry":{"type":"LineString","coordinates":[[-74.614817,4.311971],[-74.614767,4.311766],[-74.614687,4.311607]]},"properties":{"@id":"way/80182202","highway":"unclassified"},"id":"way/80182202"},{"type":"Feature","geometry":{"type":"LineString","coordinates":[[-74.6186,4.305045],[-74.619402,4.305806],[-74.619759,4.306138],[-74.620191,4.306532]]},"properties":{"@id":"way/80182215","highway":"residential","name":"Carrera 4"},"id":"way/80182215"},{"type":"Feature","geometry":{"type":"LineString","coordinates":[[-74.622199,4.308457],[-74.622183,4.308359],[-74.622083,4.308202],[-74.62199,4.308091]]},"properties":{"@id":"way/80182218","highway":"residential"},"id":"way/80182218"},{"type":"Feature","geometry":{"type":"LineString","coordinates":[[-74.618085,4.305383],[-74.618204,4.305493],[-74.618974,4.306209],[-74.619314,4.306562],[-74.619782,4.307011]]},"properties":{"@id":"way/80182221","highway":"unclassified","name":"Carrera 3"},"id":"way/80182221"},{"type":"Feature","geometry":{"type":"LineString","coordinates":[[-74.621573,4.305743],[-74.622115,4.30629]]},"properties":{"@id":"way/80182238","highway":"residential"},"id":"way/80182238"},{"type":"Feature","geometry":{"type":"LineString","coordinates":[[-74.622354,4.308036],[-74.622287,4.308217],[-74.622199,4.308457],[-74.622172,4.308525]]},"properties":{"@id":"way/80182242","highway":"residential"},"id":"way/80182242"},{"type":"Feature","geometry":{"type":"LineString","coordinates":[[-74.621245,4.306227],[-74.622063,4.306756]]},"properties":{"@id":"way/80182245","highway":"residential"},"id":"way/80182245"},{"type":"Feature","geometry":{"type":"LineString","coordinates":[[-74.623952,4.306397],[-74.623608,4.306296],[-74.623083,4.305934],[-74.622836,4.305848],[-74.622657,4.305851],[-74.622474,4.305912],[-74.622365,4.305976],[-74.622288,4.306057],[-74.622191,4.306165],[-74.622115,4.30629],[-74.622074,4.306422],[-74.622063,4.306756],[-74.622055,4.306873],[-74.622039,4.30713],[-74.622012,4.307369],[-74.621886,4.307623],[-74.621794,4.30778],[-74.621624,4.307975],[-74.621444,4.308206],[-74.621238,4.308468],[-74.620797,4.308664],[-74.61984,4.30889],[-74.619797,4.3089],[-74.6193,4.30908],[-74.618893,4.309302],[-74.618673,4.309537],[-74.618567,4.309741],[-74.618509,4.310222],[-74.618498,4.310788],[-74.618482,4.311001],[-74.618311,4.311289],[-74.618067,4.31138],[-74.617764,4.311421],[-74.617127,4.3115],[-74.616727,4.311572],[-74.616427,4.311543],[-74.616163,4.31144],[-74.615898,4.311493],[-74.615402,4.311732],[-74.614817,4.311971],[-74.6147,4.312047],[-74.614414,4.31221],[-74.614243,4.312383],[-74.613792,4.312934],[-74.613355,4.313461],[-74.613181,4.313677],[-74.613095,4.313835],[-74.612953,4.314071],[-74.61255,4.314865],[-74.612414,4.315157],[-74.612087,4.315789],[-74.610686,4.318564],[-74.610607,4.318696],[-74.6103,4.319206],[-74.608916,4.320821],[-74.608734,4.320913],[-74.608585,4.320988]]},"properties":{"@id":"way/80182249","highway":"unclassified"},"id":"way/80182249"},{"type":"Feature","geometry":{"type":"LineString","coordinates":[[-74.6193,4.30908],[-74.619528,4.30863],[-74.61965,4.308422],[-74.619742,4.308122],[-74.620242,4.307518],[-74.620301,4.307444],[-74.620643,4.307019],[-74.620692,4.30696],[-74.621141,4.306396],[-74.621245,4.306227],[-74.62139,4.305936],[-74.621469,4.305822],[-74.621573,4.305743],[-74.621993,4.305505],[-74.622297,4.305386],[-74.622389,4.305359]]},"properties":{"@id":"way/80182264","highway":"residential","name":"Calle 5"},"id":"way/80182264"},{"type":"Feature","geometry":{"type":"LineString","coordinates":[[-74.622686,4.308386],[-74.622788,4.308085],[-74.622827,4.307522]]},"properties":{"@id":"way/80182267","highway":"residential"},"id":"way/80182267"},{"type":"Feature","geometry":{"type":"LineString","coordinates":[[-74.619092,4.301707],[-74.61906,4.302041],[-74.619012,4.302564],[-74.619017,4.302971],[-74.619108,4.303297],[-74.619243,4.303688],[-74.619398,4.304239],[-74.619545,4.30452],[-74.619635,4.304652],[-74.619948,4.304897],[-74.620055,4.304989],[-74.620166,4.305139],[-74.620365,4.305478],[-74.620708,4.305966],[-74.621141,4.306396]]},"properties":{"@id":"way/80182271","highway":"residential","name":"Carrera 5"},"id":"way/80182271"},{"type":"Feature","geometry":{"type":"LineString","coordinates":[[-74.542204,4.345439],[-74.542193,4.345384],[-74.542279,4.345181],[-74.542429,4.345106],[-74.542504,4.344978],[-74.54258,4.344828],[-74.542698,4.344796],[-74.542741,4.344614],[-74.542773,4.344357],[-74.542719,4.344218],[-74.542848,4.344068],[-74.543019,4.343972],[-74.543288,4.343908],[-74.54347,4.343705],[-74.543545,4.34363],[-74.543813,4.343523],[-74.543964,4.343352],[-74.544049,4.343106],[-74.544125,4.342934],[-74.544114,4.342678],[-74.54421,4.342528],[-74.544371,4.342346],[-74.544511,4.342164],[-74.544489,4.341982],[-74.544296,4.341886],[-74.54391,4.341319],[-74.543695,4.340913],[-74.543567,4.340731],[-74.543749,4.340319],[-74.543915,4.340051],[-74.544071,4.339757],[-74.544082,4.339597],[-74.543921,4.339468],[-74.54362,4.339404],[-74.543352,4.339383],[-74.543019,4.339383],[-74.542741,4.339639],[-74.542397,4.339811],[-74.542193,4.340025],[-74.541936,4.339993],[-74.54156,4.33996],[-74.541217,4.339896],[-74.540884,4.339864],[-74.540681,4.339821],[-74.540445,4.339714],[-74.54023,4.339404],[-74.540123,4.339329],[-74.539854,4.339137],[-74.53979,4.338965],[-74.539951,4.33888],[-74.540026,4.338666],[-74.539844,4.338623],[-74.539618,4.33858],[-74.539458,4.338398],[-74.539221,4.338313],[-74.538975,4.338345],[-74.53876,4.338324],[-74.538524,4.338142],[-74.538063,4.337842],[-74.537752,4.337639],[-74.537365,4.337639],[-74.537076,4.337703],[-74.536893,4.337725],[-74.536818,4.337618],[-74.537022,4.337564],[-74.537247,4.3375],[-74.537344,4.337404],[-74.537408,4.337275],[-74.537333,4.337072],[-74.537387,4.336944],[-74.537591,4.336911],[-74.53787,4.336922],[-74.537934,4.336858],[-74.537837,4.33674],[-74.537526,4.336687],[-74.537237,4.336708],[-74.536786,4.336901],[-74.536453,4.33704],[-74.536056,4.337136],[-74.535799,4.337147],[-74.535112,4.337425],[-74.534866,4.337414],[-74.534565,4.337254],[-74.534292,4.337275],[-74.533868,4.337372],[-74.533632,4.337505],[-74.533203,4.33765],[-74.532977,4.337692],[-74.532741,4.337692],[-74.532639,4.33765],[-74.532591,4.337532],[-74.532776,4.337385],[-74.532849,4.337251],[-74.5328,4.337131],[-74.532682,4.337061],[-74.532494,4.337061],[-74.532258,4.337158],[-74.532001,4.337339],[-74.531786,4.337457],[-74.531577,4.337551],[-74.531529,4.337545],[-74.531475,4.337262],[-74.53136,4.336986],[-74.53144,4.33651],[-74.531754,4.33627],[-74.531872,4.336184],[-74.531797,4.336109],[-74.531604,4.336077],[-74.5314,4.336024],[-74.531325,4.33582],[-74.53125,4.335553],[-74.531207,4.335317],[-74.53111,4.335178],[-74.531121,4.334954],[-74.531003,4.334932],[-74.530928,4.335071],[-74.530885,4.335275],[-74.530756,4.335371],[-74.53051,4.33536],[-74.530327,4.33535],[-74.530284,4.335243],[-74.530231,4.334911],[-74.530156,4.334665],[-74.529791,4.334429],[-74.529383,4.333905],[-74.529083,4.333624],[-74.529045,4.333515],[-74.529061,4.333413],[-74.529147,4.33336],[-74.52948,4.333306],[-74.529737,4.333199],[-74.529812,4.333039],[-74.529718,4.332413],[-74.529716,4.33214],[-74.529751,4.331929],[-74.529823,4.331689],[-74.529827,4.331518],[-74.529658,4.331416],[-74.529509,4.331456],[-74.529433,4.331601],[-74.529378,4.331835],[-74.529307,4.331956],[-74.529194,4.331996],[-74.529073,4.331953],[-74.529018,4.331808],[-74.529032,4.331707],[-74.529002,4.331644],[-74.528939,4.331635],[-74.528825,4.33164],[-74.528613,4.3316],[-74.528423,4.33153],[-74.528294,4.331477],[-74.528235,4.331434],[-74.528203,4.331364],[-74.528226,4.33126],[-74.528247,4.331126],[-74.528225,4.331031],[-74.528074,4.330771],[-74.527881,4.330364],[-74.527827,4.330161],[-74.527807,4.330082],[-74.527738,4.330029],[-74.52764,4.330051],[-74.527515,4.330106],[-74.527365,4.330126],[-74.527288,4.330062],[-74.526929,4.329535],[-74.526873,4.329273],[-74.526945,4.328912],[-74.527154,4.328717],[-74.52731,4.328618],[-74.527398,4.328521],[-74.527425,4.328401],[-74.527417,4.328302],[-74.527347,4.328243],[-74.527192,4.328171],[-74.527003,4.328107],[-74.526789,4.328032],[-74.526669,4.327984],[-74.526591,4.327909],[-74.526588,4.327839],[-74.526613,4.327729],[-74.526607,4.327635],[-74.526534,4.327531],[-74.526363,4.327395],[-74.526191,4.327182],[-74.526017,4.32701],[-74.525776,4.326871],[-74.525601,4.326745],[-74.525515,4.326631],[-74.525473,4.326459],[-74.525392,4.326096],[-74.525305,4.325893],[-74.525074,4.325726],[-74.524722,4.325633],[-74.524459,4.325542],[-74.524257,4.325558],[-74.524072,4.325649],[-74.523933,4.325807],[-74.523836,4.325895],[-74.523702,4.325932],[-74.523386,4.325906],[-74.522965,4.325858],[-74.522619,4.325737],[-74.522428,4.325614],[-74.522283,4.325523]]},"properties":{"@id":"way/253661468","highway":"unclassified"},"id":"way/253661468"},{"type":"Feature","geometry":{"type":"LineString","coordinates":[[-74.503567,4.38799],[-74.503778,4.387792],[-74.504062,4.387592],[-74.504209,4.387461],[-74.50426,4.387307],[-74.504417,4.386699],[-74.504477,4.386496],[-74.504514,4.386228],[-74.504522,4.386066],[-74.50449,4.385829],[-74.504435,4.385255],[-74.5044,4.384835],[-74.504421,4.38466],[-74.504503,4.384506],[-74.505329,4.383885],[-74.505497,4.383713],[-74.505579,4.383514],[-74.505611,4.383241],[-74.505523,4.382902],[-74.505559,4.382773],[-74.505715,4.382602],[-74.50576,4.382487],[-74.505751,4.382324],[-74.505802,4.382152],[-74.505905,4.382074],[-74.506029,4.382067],[-74.506134,4.382024],[-74.506338,4.381874],[-74.507185,4.381147],[-74.507278,4.381075],[-74.507331,4.380964],[-74.507314,4.380835],[-74.507196,4.38074],[-74.507035,4.380644],[-74.506789,4.380579],[-74.50652,4.38058],[-74.506381,4.380462],[-74.506302,4.380175],[-74.506359,4.379799],[-74.50652,4.379574],[-74.506695,4.379246],[-74.50666,4.379094],[-74.506391,4.378804],[-74.506273,4.378612],[-74.506219,4.37846],[-74.506306,4.378226],[-74.506466,4.377938],[-74.506638,4.377734],[-74.507022,4.377538],[-74.507625,4.377467],[-74.507885,4.3773],[-74.508172,4.377063],[-74.508451,4.376846],[-74.508838,4.376569],[-74.509447,4.376586],[-74.509887,4.376485],[-74.510459,4.376549],[-74.510687,4.376504],[-74.510865,4.376526],[-74.51153,4.377007],[-74.51196,4.377317],[-74.51241,4.377381],[-74.512765,4.377258],[-74.512979,4.377028],[-74.513032,4.376654],[-74.513011,4.376483],[-74.513183,4.376252],[-74.513491,4.375997],[-74.51362,4.375759],[-74.514185,4.375574],[-74.514267,4.375531],[-74.514418,4.375411],[-74.51471,4.375458],[-74.515091,4.375559],[-74.515627,4.375395],[-74.515831,4.375263],[-74.515961,4.375071],[-74.515897,4.3749],[-74.515543,4.374525],[-74.515179,4.374107],[-74.514728,4.373798],[-74.514591,4.37359],[-74.514588,4.373184],[-74.514497,4.372756],[-74.51454,4.372242],[-74.51454,4.372057],[-74.514464,4.371616],[-74.514395,4.371252],[-74.514396,4.371093],[-74.514464,4.370999],[-74.514682,4.370866],[-74.514716,4.370743],[-74.514647,4.370614],[-74.514627,4.3705],[-74.514663,4.370449],[-74.51512,4.370181],[-74.51554,4.370026],[-74.515687,4.369993],[-74.515862,4.37001],[-74.516311,4.370084],[-74.516423,4.370021],[-74.516465,4.369923],[-74.516491,4.369603],[-74.51653,4.369337],[-74.516546,4.369228],[-74.516672,4.369143],[-74.516848,4.369075],[-74.516967,4.36897],[-74.517048,4.368796],[-74.517099,4.368545],[-74.517103,4.368407],[-74.517174,4.368288],[-74.517261,4.368293],[-74.517357,4.368374],[-74.517448,4.368514],[-74.517489,4.368725],[-74.517597,4.368845],[-74.517714,4.368849],[-74.517853,4.368833],[-74.51791,4.368833],[-74.517987,4.368926],[-74.518022,4.369013],[-74.518113,4.369064],[-74.518209,4.369037],[-74.5183,4.368952],[-74.51843,4.368859],[-74.518577,4.368797],[-74.518729,4.368663],[-74.518749,4.368585],[-74.518737,4.368516],[-74.518462,4.368256],[-74.518355,4.368183],[-74.5183,4.368085],[-74.518336,4.367964],[-74.51844,4.367818],[-74.518741,4.367689],[-74.518845,4.367582],[-74.518869,4.3674],[-74.518826,4.367197],[-74.518813,4.367009],[-74.519074,4.366812],[-74.519327,4.366554],[-74.519509,4.36639],[-74.519642,4.366407],[-74.519782,4.36664],[-74.519949,4.366806],[-74.520253,4.366876],[-74.520414,4.366801],[-74.520455,4.366635],[-74.52036,4.366502],[-74.520076,4.366357],[-74.519716,4.366117],[-74.519475,4.365978],[-74.519191,4.365785],[-74.519009,4.365603],[-74.518803,4.365537],[-74.51864,4.365618],[-74.518504,4.365871],[-74.518268,4.366106],[-74.518061,4.366203],[-74.517935,4.36616],[-74.517463,4.365742],[-74.517335,4.365581],[-74.517345,4.365443],[-74.51742,4.365368],[-74.51756,4.3654],[-74.517839,4.365625],[-74.518,4.365614],[-74.518086,4.365432],[-74.518118,4.36525],[-74.518151,4.365036],[-74.518118,4.364918],[-74.517614,4.36448],[-74.517538,4.364287],[-74.517345,4.364245],[-74.517142,4.364234],[-74.517045,4.364127],[-74.516991,4.363945],[-74.517024,4.363699],[-74.517099,4.363528],[-74.517292,4.36325],[-74.517667,4.362982],[-74.518053,4.362661],[-74.51829,4.36233],[-74.518462,4.362137],[-74.51858,4.362046],[-74.519024,4.361939],[-74.519352,4.361779],[-74.519539,4.361624],[-74.519663,4.361431],[-74.519818,4.360944],[-74.519867,4.360426],[-74.519931,4.360051],[-74.519985,4.359778],[-74.520087,4.359682],[-74.520285,4.359671],[-74.520478,4.359784],[-74.520677,4.359837],[-74.520977,4.359848],[-74.52117,4.359928],[-74.521241,4.360047],[-74.521512,4.360302],[-74.521791,4.360259],[-74.522231,4.360069],[-74.522478,4.360016],[-74.522936,4.360051],[-74.523225,4.360115],[-74.523404,4.360298],[-74.523643,4.360615],[-74.523933,4.360736],[-74.524351,4.360896],[-74.524545,4.361013],[-74.524684,4.361581],[-74.524816,4.361795],[-74.525031,4.361945],[-74.525138,4.362063],[-74.525067,4.362235],[-74.52502,4.362556],[-74.525149,4.362856],[-74.525429,4.363122],[-74.525621,4.363134],[-74.525954,4.363101],[-74.526258,4.363064],[-74.526627,4.363215],[-74.527224,4.363552],[-74.527477,4.363723],[-74.527714,4.363684],[-74.528002,4.363516],[-74.528271,4.363345],[-74.528686,4.36342],[-74.529184,4.363627],[-74.529813,4.363859],[-74.530124,4.363827],[-74.53022,4.363656],[-74.530231,4.363357],[-74.530102,4.363196],[-74.529844,4.363079],[-74.529576,4.36294],[-74.529237,4.362483],[-74.527807,4.360607],[-74.527527,4.360511],[-74.527302,4.360543],[-74.527141,4.36065],[-74.52684,4.360704],[-74.526615,4.360668],[-74.526508,4.36049],[-74.526487,4.360243],[-74.52639,4.360019],[-74.525853,4.359655],[-74.525685,4.359499],[-74.524892,4.358242],[-74.524859,4.357846],[-74.52498,4.356788],[-74.524987,4.356499],[-74.52492,4.35589],[-74.524963,4.355622],[-74.525145,4.355355],[-74.525515,4.355102],[-74.525809,4.355027],[-74.526094,4.355156],[-74.526169,4.355394],[-74.526094,4.355732],[-74.526043,4.355984],[-74.526116,4.356345],[-74.526234,4.356745],[-74.526341,4.357005],[-74.526466,4.357081],[-74.526691,4.357039],[-74.526851,4.356965],[-74.527098,4.356922],[-74.527309,4.356968],[-74.527543,4.357085],[-74.527669,4.357102],[-74.527894,4.357038],[-74.528059,4.356999],[-74.528239,4.357043]]},"properties":{"@id":"way/253661469","highway":"unclassified"},"id":"way/253661469"},{"type":"Feature","geometry":{"type":"LineString","coordinates":[[-74.517651,4.326553],[-74.517675,4.326993],[-74.517715,4.327279],[-74.517764,4.327341],[-74.517839,4.32729],[-74.51793,4.327115],[-74.51809,4.327033],[-74.518233,4.327016],[-74.518375,4.326919],[-74.518633,4.32662],[-74.518805,4.326422],[-74.518937,4.326378],[-74.519004,4.32643],[-74.518957,4.326593],[-74.518811,4.326778],[-74.518521,4.327093],[-74.518204,4.327369],[-74.518096,4.327647],[-74.51799,4.327952],[-74.518024,4.328155],[-74.518123,4.328616],[-74.51817,4.328969],[-74.518204,4.329637],[-74.518138,4.330049],[-74.518198,4.330097],[-74.518277,4.330067],[-74.518436,4.32967],[-74.518577,4.329322],[-74.518795,4.329003],[-74.518998,4.328545],[-74.519155,4.327909],[-74.519218,4.327727],[-74.519344,4.327568],[-74.519404,4.327556],[-74.519448,4.327647],[-74.519404,4.327926],[-74.519448,4.328118],[-74.519637,4.328607],[-74.519706,4.328824],[-74.519785,4.328984]]},"properties":{"@id":"way/253661472","highway":"unclassified"},"id":"way/253661472"},{"type":"Feature","geometry":{"type":"LineString","coordinates":[[-74.497987,4.338123],[-74.497648,4.337788],[-74.497419,4.337413],[-74.497033,4.337027],[-74.496218,4.336343],[-74.495917,4.335915],[-74.495832,4.335465],[-74.495853,4.334995],[-74.495832,4.334631],[-74.495488,4.334117],[-74.495145,4.333925],[-74.495123,4.334417],[-74.494944,4.334771],[-74.494558,4.335178],[-74.493965,4.335145],[-74.493664,4.335038],[-74.493297,4.334524]]},"properties":{"@id":"way/253664285","highway":"track","tracktype":"grade3"},"id":"way/253664285"},{"type":"Feature","geometry":{"type":"LineString","coordinates":[[-74.664674,4.327286],[-74.66461,4.327474],[-74.664684,4.327708],[-74.66473,4.327993],[-74.664671,4.328235],[-74.664438,4.328496],[-74.664156,4.32894],[-74.663792,4.32951],[-74.663523,4.330007],[-74.663339,4.330295],[-74.663147,4.330513],[-74.662997,4.330951],[-74.662898,4.331411],[-74.662741,4.33191],[-74.662514,4.332779],[-74.662728,4.333201],[-74.662942,4.333619],[-74.663149,4.333696],[-74.663361,4.333998],[-74.663034,4.334974],[-74.662608,4.335261],[-74.662477,4.335429],[-74.662421,4.335762],[-74.662424,4.335997],[-74.662706,4.336456],[-74.66283,4.336675],[-74.662869,4.337049],[-74.662783,4.337356],[-74.66271,4.337895],[-74.662602,4.338046],[-74.662612,4.338219],[-74.662482,4.338576],[-74.662493,4.338943],[-74.662567,4.339488],[-74.662545,4.339934],[-74.662326,4.340548],[-74.661965,4.341036],[-74.661826,4.341324],[-74.661727,4.341468],[-74.661752,4.341853],[-74.661727,4.342073],[-74.661718,4.342508],[-74.661684,4.342611],[-74.661499,4.342853],[-74.66138,4.34316],[-74.661293,4.343425],[-74.661241,4.343702],[-74.661208,4.343953],[-74.66121,4.343987],[-74.661259,4.344176],[-74.661266,4.344209],[-74.661268,4.344598],[-74.66128,4.344898],[-74.661266,4.34508],[-74.661253,4.345216],[-74.661249,4.34528],[-74.661238,4.345417],[-74.66123,4.345537],[-74.661218,4.345642],[-74.661191,4.345701],[-74.661035,4.345813],[-74.66059,4.346074],[-74.660228,4.346365],[-74.660213,4.346389],[-74.66008,4.346659],[-74.659991,4.346875],[-74.659892,4.347148],[-74.659803,4.347479],[-74.659746,4.347683],[-74.659722,4.347869],[-74.659715,4.348114],[-74.659856,4.348406],[-74.659987,4.348771],[-74.660054,4.349066],[-74.660077,4.349244],[-74.660066,4.349435],[-74.660026,4.349616],[-74.660003,4.34976],[-74.660017,4.35001],[-74.66001,4.35022],[-74.659948,4.350512],[-74.659945,4.350558],[-74.659973,4.350758],[-74.660022,4.350978],[-74.660033,4.351004],[-74.660254,4.35133],[-74.660263,4.35135],[-74.66037,4.351668],[-74.660382,4.351866],[-74.660425,4.35204],[-74.660597,4.352407],[-74.660934,4.352886],[-74.660943,4.352908],[-74.660956,4.353094],[-74.660943,4.353333],[-74.660914,4.353426],[-74.660867,4.353494],[-74.659898,4.354881],[-74.659838,4.354976],[-74.65977,4.355117],[-74.659723,4.35538],[-74.659703,4.355578],[-74.659516,4.356113],[-74.659476,4.356284],[-74.659479,4.356344],[-74.659525,4.356528],[-74.659565,4.356649],[-74.659737,4.357181],[-74.659788,4.357266],[-74.659846,4.357335],[-74.660049,4.357558],[-74.660061,4.357583],[-74.660064,4.357608],[-74.660078,4.357825],[-74.660122,4.358028],[-74.660164,4.358094],[-74.660456,4.358414],[-74.66058,4.358541],[-74.660751,4.358666],[-74.660953,4.358754],[-74.661367,4.358934],[-74.661543,4.359011],[-74.661833,4.359214],[-74.662029,4.359315],[-74.662247,4.359303],[-74.662476,4.359355],[-74.662822,4.359543],[-74.663049,4.359744],[-74.66311,4.359828],[-74.663146,4.359925],[-74.66327,4.360425],[-74.663312,4.360642],[-74.663354,4.361025],[-74.663368,4.36105],[-74.663666,4.361467],[-74.663814,4.361676],[-74.663999,4.36181],[-74.664166,4.361856],[-74.664991,4.361939],[-74.665138,4.361996],[-74.665343,4.362209],[-74.66542,4.362304],[-74.665591,4.362454],[-74.666023,4.362652],[-74.666351,4.362757],[-74.666536,4.362902],[-74.666627,4.363111],[-74.666716,4.363667],[-74.666965,4.364545],[-74.666976,4.364985],[-74.666834,4.366244],[-74.666913,4.366473],[-74.667181,4.366859],[-74.667882,4.36762],[-74.668336,4.368351],[-74.668403,4.368458],[-74.668421,4.368545],[-74.668327,4.369359],[-74.668413,4.369968],[-74.668434,4.370289],[-74.668541,4.370674],[-74.668775,4.370736]]},"properties":{"@id":"way/281382871","highway":"tertiary","lanes":"1","name":"Vía Agua de Dios-Nilo","source":"bing","surface":"paved","width":"6"},"id":"way/281382871"},{"type":"Feature","geometry":{"type":"LineString","coordinates":[[-74.50228,4.320817],[-74.501854,4.320792],[-74.501703,4.320807],[-74.501562,4.320864],[-74.501481,4.321038],[-74.501452,4.321181],[-74.501421,4.321268],[-74.501388,4.321358],[-74.501384,4.321462],[-74.501303,4.32161],[-74.501225,4.321648],[-74.501158,4.321675],[-74.501056,4.321758],[-74.500978,4.321796],[-74.500922,4.321907],[-74.500894,4.321992],[-74.500889,4.322071],[-74.500887,4.322137],[-74.500796,4.322156],[-74.500844,4.322232],[-74.500758,4.322274],[-74.500619,4.322294],[-74.500651,4.322361],[-74.500586,4.322404],[-74.500479,4.322417],[-74.500524,4.322526],[-74.500472,4.32262],[-74.500399,4.322656],[-74.500415,4.322687],[-74.500515,4.32277],[-74.50055,4.322768],[-74.500542,4.32288],[-74.5006,4.322945],[-74.500479,4.32298],[-74.500432,4.323038],[-74.50037,4.323143],[-74.500265,4.323163],[-74.500243,4.323217],[-74.50019,4.323255],[-74.500243,4.323342],[-74.500203,4.323432],[-74.500094,4.323472],[-74.500069,4.323409],[-74.499987,4.323438],[-74.499973,4.323378],[-74.499925,4.323414],[-74.499836,4.323309],[-74.499757,4.323324],[-74.499635,4.3233],[-74.499593,4.323257],[-74.499503,4.323228],[-74.499421,4.323222],[-74.499345,4.323144],[-74.499216,4.323168],[-74.499112,4.323125],[-74.499114,4.323231],[-74.499203,4.32332],[-74.49925,4.323409],[-74.499281,4.323461],[-74.499245,4.323517],[-74.499161,4.323486],[-74.498975,4.323418],[-74.498935,4.323438],[-74.499078,4.323682],[-74.499047,4.323732],[-74.498882,4.323689],[-74.498913,4.323763],[-74.49876,4.323825],[-74.498682,4.323819],[-74.498657,4.323781],[-74.498514,4.323886],[-74.498332,4.323848],[-74.498096,4.323884],[-74.497976,4.323986],[-74.497909,4.324011],[-74.497793,4.324035],[-74.497684,4.3241],[-74.497505,4.324065],[-74.497474,4.324084],[-74.497423,4.324102],[-74.497289,4.324087],[-74.49724,4.324118],[-74.497142,4.324004],[-74.497085,4.323973],[-74.496982,4.32397],[-74.496897,4.323884],[-74.496799,4.323747],[-74.49671,4.323653],[-74.496499,4.323483],[-74.496332,4.32341],[-74.495906,4.323065],[-74.495763,4.323],[-74.495715,4.322947],[-74.495699,4.322927],[-74.495784,4.322846],[-74.495755,4.322801],[-74.495665,4.32275],[-74.495723,4.322545],[-74.495534,4.322576],[-74.495452,4.322562],[-74.495296,4.322466],[-74.495162,4.322321],[-74.495204,4.32212],[-74.495229,4.321997]]},"properties":{"@id":"way/422438436","highway":"bridleway","name":"Camino Real del Quinini","sac_scale":"mountain_hiking","trail_visibility":"intermediate"},"id":"way/422438436"},{"type":"Feature","geometry":{"type":"LineString","coordinates":[[-74.517651,4.326553],[-74.517612,4.325915],[-74.517651,4.325607],[-74.517714,4.325335],[-74.517866,4.325117],[-74.517957,4.324948],[-74.518061,4.324832],[-74.518161,4.324727],[-74.518224,4.324465],[-74.518297,4.324252],[-74.518434,4.324091],[-74.518638,4.323981],[-74.518832,4.323827],[-74.519032,4.323524],[-74.51916,4.323262],[-74.519189,4.322913],[-74.519229,4.322733],[-74.519354,4.322473],[-74.519665,4.322109],[-74.519792,4.321942],[-74.519885,4.321695],[-74.519973,4.321311],[-74.520039,4.321181],[-74.520137,4.32111],[-74.520314,4.321012],[-74.520546,4.320923],[-74.520701,4.32082],[-74.521171,4.320295],[-74.521216,4.320185],[-74.521208,4.320064],[-74.521154,4.319961],[-74.521059,4.319895],[-74.520948,4.319875],[-74.520845,4.319887],[-74.520731,4.319942],[-74.52064,4.320027],[-74.520454,4.320345],[-74.520333,4.320487],[-74.520162,4.320581],[-74.519682,4.320672],[-74.518984,4.320787],[-74.518619,4.320912],[-74.518362,4.321083],[-74.51819,4.321364],[-74.518094,4.321771],[-74.518005,4.322159],[-74.517914,4.322343],[-74.517828,4.322431],[-74.517517,4.322624],[-74.517077,4.322875],[-74.516844,4.32295],[-74.516672,4.322953],[-74.516144,4.322905],[-74.515964,4.322988],[-74.515827,4.323073],[-74.515564,4.323424],[-74.515358,4.323798],[-74.515269,4.323913],[-74.515154,4.323993],[-74.514899,4.324165],[-74.514741,4.324272],[-74.514623,4.324376],[-74.514215,4.324825],[-74.514097,4.325069],[-74.514057,4.325253],[-74.513985,4.325352],[-74.513907,4.325432],[-74.513802,4.325464],[-74.513258,4.325483],[-74.513089,4.325529],[-74.512906,4.325622],[-74.512649,4.325767],[-74.51255,4.325815],[-74.512483,4.325817],[-74.512402,4.325793],[-74.512249,4.325582],[-74.512185,4.325427],[-74.512187,4.325291],[-74.512249,4.325133],[-74.512284,4.324988],[-74.512284,4.324847],[-74.512255,4.324702],[-74.512174,4.324494],[-74.512131,4.324344],[-74.51211,4.324178],[-74.512128,4.324066],[-74.512185,4.323969],[-74.512295,4.323886],[-74.512477,4.323814],[-74.512684,4.323766],[-74.512783,4.323718],[-74.512861,4.323627],[-74.513054,4.323119],[-74.513166,4.322985],[-74.513389,4.322822],[-74.513724,4.322669],[-74.513958,4.322455],[-74.514178,4.322343],[-74.514639,4.322143],[-74.514789,4.322062],[-74.514864,4.321987],[-74.51488,4.32188],[-74.514854,4.321733],[-74.514754,4.321415],[-74.514741,4.321241],[-74.514738,4.32111],[-74.514805,4.320963],[-74.514942,4.320779],[-74.515259,4.32054],[-74.516104,4.319762],[-74.516217,4.319639],[-74.516261,4.319565],[-74.516275,4.319428],[-74.516242,4.319073]]},"properties":{"@id":"way/422444655","alt_name":"Cumaca","highway":"unclassified","name":"Bateas","tracktype":"grade3"},"id":"way/422444655"},{"type":"Feature","geometry":{"type":"LineString","coordinates":[[-74.515616,4.317357],[-74.515501,4.31761],[-74.515468,4.317671],[-74.515434,4.317709],[-74.515344,4.317896],[-74.514962,4.318387],[-74.514839,4.318532],[-74.51449,4.31876],[-74.51428,4.318698],[-74.514058,4.318738],[-74.513924,4.318785],[-74.513782,4.318905],[-74.513637,4.319115],[-74.513499,4.319198],[-74.513053,4.319473],[-74.512937,4.319625],[-74.512828,4.31977],[-74.51269,4.319925],[-74.512592,4.319983],[-74.512508,4.320012],[-74.51239,4.320117],[-74.512145,4.320282],[-74.511949,4.32049],[-74.51182,4.320669]]},"properties":{"@id":"way/422444659","highway":"unclassified","horse":"yes","name":"Camino Real del Quinini","sac_scale":"mountain_hiking","trail_visibility":"intermediate"},"id":"way/422444659"},{"type":"Feature","geometry":{"type":"LineString","coordinates":[[-74.49305,4.322956],[-74.493033,4.323229],[-74.492924,4.323684],[-74.492933,4.323767],[-74.492901,4.323906],[-74.49256,4.324825],[-74.492411,4.32524],[-74.492752,4.325495],[-74.493006,4.325842],[-74.493428,4.326215],[-74.493616,4.326382],[-74.494436,4.326928],[-74.494995,4.327214],[-74.495278,4.327514],[-74.495913,4.327604],[-74.496559,4.327645],[-74.496646,4.327651],[-74.496701,4.327706],[-74.496827,4.32791],[-74.496934,4.327911],[-74.497212,4.328202],[-74.497238,4.328323],[-74.497355,4.328354],[-74.497366,4.328519],[-74.497424,4.328588],[-74.497537,4.328826]]},"properties":{"@id":"way/422444660","highway":"unclassified","horse":"yes","name":"Camino Real del Quinini","sac_scale":"mountain_hiking","trail_visibility":"intermediate"},"id":"way/422444660"},{"type":"Feature","geometry":{"type":"LineString","coordinates":[[-74.495229,4.321997],[-74.495178,4.321945],[-74.495064,4.322001],[-74.494988,4.322053],[-74.494957,4.32203],[-74.494915,4.322013],[-74.494862,4.322035],[-74.494761,4.322003],[-74.494674,4.322108],[-74.494596,4.32207],[-74.494579,4.322209],[-74.494549,4.322162],[-74.494505,4.322182],[-74.494405,4.322133],[-74.494342,4.322135],[-74.494324,4.322164],[-74.494372,4.322249],[-74.494245,4.322305],[-74.494146,4.322375],[-74.494071,4.322437],[-74.494049,4.322497],[-74.493991,4.322488],[-74.493908,4.322522],[-74.493788,4.322509],[-74.493781,4.322652],[-74.493676,4.322621],[-74.493598,4.322687],[-74.493532,4.322696],[-74.493416,4.322755],[-74.493305,4.322723],[-74.493271,4.322726],[-74.49305,4.322956]]},"properties":{"@id":"way/422444662","highway":"steps","name":"Camino Real del Quinini","sac_scale":"mountain_hiking","trail_visibility":"intermediate"},"id":"way/422444662"},{"type":"Feature","geometry":{"type":"LineString","coordinates":[[-74.497945,4.329821],[-74.497778,4.329679],[-74.497639,4.329534],[-74.497554,4.329529],[-74.497487,4.329781],[-74.497412,4.32978],[-74.497223,4.329534],[-74.497144,4.329566],[-74.49692,4.329355],[-74.496773,4.329225],[-74.496708,4.329266],[-74.496684,4.329389],[-74.496545,4.329385],[-74.496519,4.329534],[-74.496472,4.329472],[-74.496468,4.329624],[-74.496392,4.329619],[-74.49636,4.329792],[-74.496393,4.329992],[-74.496311,4.330024],[-74.496297,4.330182],[-74.496353,4.330412],[-74.496428,4.330602],[-74.496389,4.330703],[-74.496378,4.330857],[-74.496373,4.331115],[-74.49628,4.331159],[-74.496183,4.33117],[-74.495998,4.331244],[-74.495888,4.33126],[-74.49554,4.331281],[-74.495287,4.331282],[-74.495064,4.331423],[-74.494538,4.331846],[-74.494104,4.331994],[-74.493328,4.332374],[-74.49321,4.332412],[-74.4931,4.332393],[-74.492912,4.332237],[-74.49268,4.331889],[-74.492465,4.331734],[-74.492309,4.331707],[-74.49211,4.331741],[-74.491959,4.331833],[-74.491736,4.331854],[-74.491372,4.331919],[-74.491246,4.331913],[-74.490984,4.331855],[-74.490808,4.331732],[-74.490708,4.331693],[-74.490523,4.331693],[-74.490335,4.331674],[-74.490209,4.331616],[-74.490142,4.331542],[-74.490094,4.331505],[-74.490076,4.331545],[-74.490096,4.331647],[-74.490133,4.3318],[-74.490236,4.332063],[-74.490484,4.332541]]},"properties":{"@id":"way/422444664","highway":"bridleway","name":"Camino Real del Quinini","sac_scale":"mountain_hiking","trail_visibility":"intermediate"},"id":"way/422444664"},{"type":"Feature","geometry":{"type":"LineString","coordinates":[[-74.51182,4.320669],[-74.511634,4.320687],[-74.511525,4.320749],[-74.511403,4.320788],[-74.511287,4.320797],[-74.51116,4.32076],[-74.51109,4.320749],[-74.510986,4.320752],[-74.510905,4.320757],[-74.510803,4.320789],[-74.510624,4.320757],[-74.510562,4.320762],[-74.510498,4.320779],[-74.510449,4.320832],[-74.510436,4.320931],[-74.510498,4.321223],[-74.51046,4.321418],[-74.510519,4.321677],[-74.51051,4.321816],[-74.510469,4.321923],[-74.510293,4.322021],[-74.510108,4.322032],[-74.510011,4.321995],[-74.509928,4.321919],[-74.509703,4.321852],[-74.509607,4.321829],[-74.509458,4.3218],[-74.50936,4.321729],[-74.5093,4.321632],[-74.509235,4.321554],[-74.509095,4.321527],[-74.508748,4.321472],[-74.508391,4.321369],[-74.508282,4.321395],[-74.508073,4.321557],[-74.507946,4.321773],[-74.507857,4.321945],[-74.507645,4.322071],[-74.507489,4.322093],[-74.507268,4.321988],[-74.506977,4.321977],[-74.506801,4.322024],[-74.506643,4.322095],[-74.506384,4.322348],[-74.506262,4.322408],[-74.506119,4.322363],[-74.505943,4.322216],[-74.505709,4.322004],[-74.505598,4.321977],[-74.505484,4.32199],[-74.505458,4.322006],[-74.50525,4.322129],[-74.505183,4.322269],[-74.505108,4.322325],[-74.504996,4.322321],[-74.504927,4.322182],[-74.504801,4.321918],[-74.504522,4.321681],[-74.504371,4.321639],[-74.504253,4.321643],[-74.504061,4.321709],[-74.503702,4.321769],[-74.503566,4.32176],[-74.503471,4.321608],[-74.503388,4.321413],[-74.503335,4.321355],[-74.503157,4.321215],[-74.502949,4.321049],[-74.502776,4.320978],[-74.502646,4.320948],[-74.502522,4.320935],[-74.502428,4.320933],[-74.502383,4.320883],[-74.502341,4.320853],[-74.50228,4.320817]]},"properties":{"@id":"way/422444667","highway":"unclassified","name":"Camino Real del Quinini","sac_scale":"mountain_hiking","tracktype":"grade2","trail_visibility":"excellent"},"id":"way/422444667"},{"type":"Feature","geometry":{"type":"LineString","coordinates":[[-74.508745,4.335757],[-74.508879,4.335703],[-74.508926,4.33561],[-74.508819,4.335572],[-74.508702,4.33562],[-74.508614,4.33561],[-74.508464,4.335581],[-74.50828,4.335573],[-74.508011,4.335683],[-74.507854,4.335746],[-74.507681,4.335738],[-74.507429,4.33572],[-74.507396,4.335717],[-74.507279,4.335695],[-74.507219,4.335721]]},"properties":{"@id":"way/422444670","highway":"path","name":"Camino a la Cueva del Mohán","sac_scale":"hiking","source":"survey"},"id":"way/422444670"},{"type":"Feature","geometry":{"type":"LineString","coordinates":[[-74.497537,4.328826],[-74.497555,4.328771],[-74.49763,4.328811],[-74.497787,4.329012],[-74.497872,4.329091],[-74.498103,4.329314],[-74.498658,4.330075],[-74.498846,4.330305],[-74.498953,4.330436],[-74.499012,4.330613]]},"properties":{"@id":"way/422444676","highway":"unclassified","name":"Vía al Quininí","sac_scale":"hiking","source":"survey","tracktype":"grade3"},"id":"way/422444676"},{"type":"Feature","geometry":{"type":"LineString","coordinates":[[-74.497945,4.329821],[-74.497976,4.329978],[-74.498079,4.330128],[-74.498073,4.330355],[-74.498065,4.33056],[-74.498277,4.331008],[-74.498338,4.33125],[-74.498342,4.331885],[-74.498423,4.332392],[-74.498739,4.33283],[-74.49868,4.333067],[-74.498616,4.33318],[-74.498541,4.333566],[-74.498667,4.333939],[-74.498611,4.334283],[-74.498549,4.334625],[-74.498175,4.335082],[-74.497917,4.335522],[-74.497954,4.336236],[-74.498177,4.336775],[-74.498178,4.337674],[-74.497987,4.338123]]},"properties":{"@id":"way/422444678","highway":"unclassified","name":"Vía al Quininí","sac_scale":"mountain_hiking","tracktype":"grade3","trail_visibility":"intermediate"},"id":"way/422444678"},{"type":"Feature","geometry":{"type":"LineString","coordinates":[[-74.499012,4.330613],[-74.49901,4.3308],[-74.49898,4.331108],[-74.499058,4.331345],[-74.499229,4.33147],[-74.499535,4.331441],[-74.49971,4.331281],[-74.499833,4.331062],[-74.499883,4.331012],[-74.50006,4.330988],[-74.500232,4.330979],[-74.500318,4.330963],[-74.500372,4.330983],[-74.50038,4.331045],[-74.500247,4.331103],[-74.500128,4.331174],[-74.500076,4.331314],[-74.500039,4.331475],[-74.499915,4.331626],[-74.499844,4.331767],[-74.499829,4.331907],[-74.499839,4.331971],[-74.499903,4.332055],[-74.500034,4.332051],[-74.500133,4.331929],[-74.500212,4.331758],[-74.50028,4.331646],[-74.500357,4.331604],[-74.500417,4.331607],[-74.50047,4.331667],[-74.500507,4.331773],[-74.500542,4.331895],[-74.500635,4.331989],[-74.500904,4.332117],[-74.501253,4.332462],[-74.501687,4.332698],[-74.502447,4.3332],[-74.503176,4.333745],[-74.50376,4.334153],[-74.504074,4.334295],[-74.50435,4.334364],[-74.505051,4.33468],[-74.506177,4.335207],[-74.506795,4.335515],[-74.507021,4.335643],[-74.507219,4.335721]]},"properties":{"@id":"way/422444679","highway":"unclassified","name":"Vía al Quininí","sac_scale":"hiking","source":"survey","tracktype":"grade4"},"id":"way/422444679"},{"type":"Feature","geometry":{"type":"LineString","coordinates":[[-74.51182,4.320669],[-74.512005,4.32072],[-74.512179,4.320824],[-74.512324,4.320968],[-74.512424,4.321145],[-74.512536,4.321305],[-74.512665,4.321351],[-74.51289,4.321308],[-74.513,4.321356],[-74.513057,4.321439],[-74.513065,4.321511],[-74.513003,4.321632],[-74.51281,4.321872],[-74.512716,4.321926],[-74.512496,4.321985],[-74.51241,4.322041],[-74.512394,4.322092],[-74.512426,4.322212],[-74.512601,4.322455],[-74.512715,4.322755],[-74.512818,4.322961],[-74.513054,4.323119]]},"properties":{"@id":"way/422444686","highway":"unclassified","tracktype":"grade2","trail_visibility":"excellent"},"id":"way/422444686"},{"type":"Feature","geometry":{"type":"LineString","coordinates":[[-74.495534,4.322576],[-74.495465,4.322732],[-74.495251,4.32279],[-74.495198,4.322819],[-74.4951,4.322815],[-74.494988,4.322989],[-74.494868,4.323136],[-74.494804,4.323204],[-74.494728,4.323172],[-74.494703,4.323038],[-74.494804,4.322956],[-74.494823,4.322851],[-74.494986,4.322725],[-74.49506,4.322594],[-74.495162,4.322321]]},"properties":{"@id":"way/422444689","highway":"path"},"id":"way/422444689"},{"type":"Feature","geometry":{"type":"LineString","coordinates":[[-74.513132,4.336917],[-74.513121,4.337088],[-74.513132,4.337227],[-74.513078,4.33743],[-74.512713,4.338094],[-74.512745,4.338318],[-74.512724,4.338457],[-74.512541,4.338548],[-74.512356,4.338518],[-74.512213,4.338288],[-74.512295,4.337836],[-74.512381,4.337408],[-74.512413,4.336994],[-74.512292,4.336903],[-74.512121,4.336916],[-74.512006,4.33712],[-74.51162,4.33769],[-74.51103,4.338365],[-74.510955,4.338685],[-74.510982,4.338962],[-74.510932,4.339249],[-74.510695,4.339442],[-74.510288,4.339516],[-74.509804,4.339348],[-74.509544,4.339125],[-74.509339,4.339051],[-74.509108,4.339163],[-74.508744,4.33896],[-74.508357,4.338896],[-74.507982,4.338992],[-74.507199,4.33896],[-74.506727,4.33896],[-74.506405,4.339249],[-74.506222,4.339581],[-74.505997,4.34018],[-74.505396,4.340757],[-74.504935,4.341153],[-74.504528,4.341228],[-74.503926,4.341121],[-74.502636,4.340628],[-74.50219,4.340771],[-74.502059,4.340939],[-74.501877,4.34126],[-74.501909,4.34156],[-74.502038,4.341774],[-74.502017,4.341977],[-74.501716,4.342287],[-74.501695,4.342523],[-74.501835,4.342725],[-74.502339,4.342929],[-74.502455,4.342996],[-74.502521,4.343148],[-74.502557,4.343362],[-74.502442,4.343528],[-74.502338,4.343678],[-74.50193,4.343845],[-74.501768,4.343829],[-74.501271,4.343546],[-74.501072,4.343522],[-74.500901,4.343571],[-74.500535,4.343571],[-74.500312,4.343508],[-74.500285,4.343469],[-74.500162,4.343152],[-74.500087,4.343005],[-74.499995,4.342897],[-74.499912,4.342873],[-74.499595,4.34283],[-74.499498,4.342775],[-74.499452,4.342672],[-74.499423,4.34236],[-74.499317,4.342271],[-74.499184,4.342212],[-74.49887,4.342129],[-74.498401,4.342127],[-74.498068,4.342212],[-74.49785,4.342095],[-74.497755,4.3421],[-74.497718,4.342178],[-74.497775,4.342386],[-74.497767,4.342515],[-74.497673,4.342614],[-74.497454,4.342622],[-74.497234,4.342559],[-74.496829,4.34226],[-74.49649,4.342117],[-74.496137,4.342009],[-74.495585,4.342021],[-74.495263,4.34196],[-74.495135,4.3418],[-74.495096,4.341569],[-74.495093,4.341094],[-74.495051,4.340998],[-74.494957,4.34095],[-74.494791,4.340883],[-74.49459,4.340827],[-74.494384,4.340747],[-74.494143,4.34067],[-74.494065,4.340545],[-74.494064,4.340434],[-74.494159,4.340194],[-74.494197,4.34009],[-74.494199,4.340004],[-74.494162,4.339923],[-74.494088,4.33988],[-74.493895,4.339677],[-74.493868,4.33954],[-74.493923,4.339408],[-74.494046,4.339271],[-74.494217,4.339067],[-74.494215,4.338884],[-74.494099,4.338716],[-74.493841,4.3385],[-74.493678,4.338432],[-74.493509,4.338425],[-74.493306,4.338468],[-74.49311,4.338571],[-74.492881,4.338711],[-74.492727,4.338945],[-74.492661,4.339201],[-74.492638,4.339313],[-74.492566,4.339397],[-74.492483,4.339447],[-74.492374,4.339448],[-74.492271,4.339376],[-74.492188,4.339178],[-74.492049,4.339131],[-74.491245,4.338957],[-74.490923,4.338736],[-74.490641,4.338686],[-74.490474,4.338719],[-74.490322,4.3388],[-74.490232,4.338901],[-74.490227,4.339059],[-74.49029,4.339205],[-74.490423,4.339324],[-74.490581,4.339482],[-74.490663,4.339649],[-74.490631,4.339749],[-74.490526,4.339791],[-74.490157,4.339639],[-74.489668,4.339577],[-74.489365,4.339502],[-74.489217,4.339424],[-74.489185,4.339185],[-74.489185,4.338843],[-74.489003,4.338607],[-74.488817,4.338544],[-74.488607,4.338516],[-74.488419,4.338583],[-74.488262,4.338611],[-74.488175,4.338551],[-74.488023,4.33842],[-74.487922,4.338349],[-74.48782,4.33832],[-74.487719,4.338324],[-74.487614,4.338316],[-74.487519,4.338274],[-74.487433,4.338199],[-74.487317,4.338106],[-74.487224,4.338021],[-74.486961,4.337812],[-74.486925,4.337766],[-74.486895,4.337718],[-74.486889,4.337612],[-74.48688,4.337453],[-74.486869,4.337357],[-74.486843,4.337275],[-74.486808,4.337178],[-74.48667,4.336978],[-74.486472,4.336802],[-74.486328,4.336732],[-74.486173,4.336695],[-74.486029,4.336726],[-74.4859,4.336786],[-74.485775,4.336848]]},"properties":{"@id":"way/422444939","alt_name":"Cumaca","highway":"unclassified","name":"Bateas"},"id":"way/422444939"},{"type":"Feature","geometry":{"type":"LineString","coordinates":[[-74.513132,4.336917],[-74.51315,4.336864],[-74.51314,4.336184],[-74.513226,4.335606],[-74.513668,4.334603],[-74.513877,4.334173],[-74.514078,4.333718],[-74.514133,4.333345],[-74.514176,4.333064],[-74.514406,4.332996],[-74.514698,4.332929],[-74.514993,4.332799],[-74.515221,4.33244],[-74.515373,4.331663],[-74.515593,4.331441],[-74.515918,4.331125],[-74.516531,4.330769],[-74.516675,4.330588],[-74.516859,4.330269],[-74.516944,4.330086],[-74.517076,4.329555],[-74.517339,4.329321],[-74.517407,4.329096],[-74.517391,4.328834],[-74.517297,4.328602],[-74.517437,4.327599],[-74.51756,4.326812],[-74.517651,4.326553]]},"properties":{"@id":"way/422444949","highway":"unclassified","name":"Bateas - Cumaca"},"id":"way/422444949"},{"type":"Feature","geometry":{"type":"LineString","coordinates":[[-74.492411,4.32524],[-74.491987,4.325041],[-74.491502,4.324897],[-74.491412,4.324812],[-74.49123,4.324641],[-74.491017,4.324139],[-74.490557,4.323772],[-74.490421,4.323501],[-74.489791,4.322728],[-74.489176,4.322373],[-74.489012,4.322287],[-74.48889,4.322142],[-74.488818,4.322064],[-74.488754,4.322004],[-74.488652,4.321936],[-74.488493,4.32176],[-74.488323,4.321705],[-74.488169,4.321756],[-74.488058,4.321904],[-74.488045,4.321998]]},"properties":{"@id":"way/422447945","highway":"path","name":"Panorámica","sac_scale":"hiking","trail_visibility":"good"},"id":"way/422447945"},{"type":"Feature","geometry":{"type":"LineString","coordinates":[[-74.493428,4.326215],[-74.493538,4.326101]]},"properties":{"@id":"way/422447946","highway":"path"},"id":"way/422447946"},{"type":"Feature","geometry":{"type":"LineString","coordinates":[[-74.488493,4.32176],[-74.488689,4.321709],[-74.48886,4.321688],[-74.489161,4.321645],[-74.489365,4.321463],[-74.489579,4.321378],[-74.489933,4.321217],[-74.490491,4.32126],[-74.491113,4.32126],[-74.491221,4.321431],[-74.491478,4.321667],[-74.491768,4.32187],[-74.491993,4.322084],[-74.49224,4.322661],[-74.492401,4.322843],[-74.492379,4.323068],[-74.492197,4.323261],[-74.492122,4.323592],[-74.4915,4.324202],[-74.491412,4.324812],[-74.491294,4.324906]]},"properties":{"@id":"way/422447947","highway":"path"},"id":"way/422447947"},{"type":"Feature","geometry":{"type":"LineString","coordinates":[[-74.488069,4.333312],[-74.488035,4.333363],[-74.487991,4.333411],[-74.487898,4.333458],[-74.487832,4.333456],[-74.487736,4.333396],[-74.487463,4.333151],[-74.486992,4.332893],[-74.486824,4.33273],[-74.4868,4.332716],[-74.486774,4.332712],[-74.486755,4.332721],[-74.486739,4.332738],[-74.486738,4.332765],[-74.486745,4.332791],[-74.486756,4.332812],[-74.487279,4.333782],[-74.487293,4.333887],[-74.487282,4.333999],[-74.48726,4.334166],[-74.487233,4.334222],[-74.487224,4.334379],[-74.487235,4.334491],[-74.487205,4.334596],[-74.486958,4.334806],[-74.486774,4.335002],[-74.486578,4.335176],[-74.486271,4.335402],[-74.485972,4.335585],[-74.485769,4.335691],[-74.485478,4.335757]]},"properties":{"@id":"way/422451347","highway":"unclassified","name":"Camino Real del Quinini","surface":"cobblestone"},"id":"way/422451347"},{"type":"Feature","geometry":{"type":"LineString","coordinates":[[-74.485478,4.335757],[-74.485197,4.335804],[-74.485017,4.335828],[-74.484855,4.335865]]},"properties":{"@id":"way/422451348","highway":"unclassified","name":"Camino Real del Quinini","tracktype":"grade3"},"id":"way/422451348"},{"type":"Feature","geometry":{"type":"LineString","coordinates":[[-74.490065,4.33333],[-74.48999,4.333388],[-74.489884,4.333424],[-74.489737,4.333482],[-74.489673,4.333563],[-74.489622,4.333603],[-74.489517,4.333654],[-74.489278,4.333543],[-74.488969,4.333426],[-74.488537,4.333247],[-74.488429,4.333219],[-74.488252,4.333214],[-74.488125,4.333266],[-74.488069,4.333312]]},"properties":{"@id":"way/422451350","highway":"unclassified","name":"Camino Real del Quinini","tracktype":"grade3"},"id":"way/422451350"},{"type":"Feature","geometry":{"type":"LineString","coordinates":[[-74.490065,4.33333],[-74.490295,4.333107],[-74.49045,4.333036],[-74.490506,4.333023],[-74.490536,4.332978],[-74.490534,4.332907],[-74.49045,4.332824],[-74.490484,4.332541]]},"properties":{"@id":"way/422451351","highway":"unclassified","name":"Camino Real del Quinini","sac_scale":"mountain_hiking","tracktype":"grade4","trail_visibility":"intermediate"},"id":"way/422451351"},{"type":"Feature","geometry":{"type":"LineString","coordinates":[[-74.49321,4.332412],[-74.493626,4.332556],[-74.494154,4.332875],[-74.494295,4.332959]]},"properties":{"@id":"way/422451356","highway":"path"},"id":"way/422451356"},{"type":"Feature","geometry":{"type":"LineString","coordinates":[[-74.490484,4.332541],[-74.490546,4.332572],[-74.490647,4.332556],[-74.490865,4.332557],[-74.491067,4.3326],[-74.491139,4.33264],[-74.491179,4.332716],[-74.491225,4.332735],[-74.491288,4.332698],[-74.491304,4.332555],[-74.491341,4.332468],[-74.49139,4.332493],[-74.491423,4.332559],[-74.49143,4.332666]]},"properties":{"@id":"way/422451357","highway":"unclassified"},"id":"way/422451357"},{"type":"Feature","geometry":{"type":"LineString","coordinates":[[-74.497537,4.328826],[-74.497534,4.328875],[-74.497559,4.328948],[-74.497715,4.329171],[-74.49785,4.329407],[-74.497939,4.329558],[-74.497945,4.329821]]},"properties":{"@id":"way/422526702","highway":"unclassified","name":"Vía al Quininí","sac_scale":"mountain_hiking","tracktype":"grade3","trail_visibility":"intermediate"},"id":"way/422526702"},{"type":"Feature","geometry":{"type":"LineString","coordinates":[[-74.485268,4.36297],[-74.48515,4.362519],[-74.485421,4.362395],[-74.485837,4.362229],[-74.485942,4.361876],[-74.485817,4.361668],[-74.486129,4.361273],[-74.486316,4.361024],[-74.486504,4.360651],[-74.486441,4.360505],[-74.486108,4.360422],[-74.486379,4.360131],[-74.486379,4.359924],[-74.486566,4.359737],[-74.486608,4.359571],[-74.486545,4.359197],[-74.4864,4.358761],[-74.4864,4.358512],[-74.486474,4.358181]]},"properties":{"@id":"way/441618768","foot":"yes","highway":"bridleway","horse":"yes"},"id":"way/441618768"},{"type":"Feature","geometry":{"type":"LineString","coordinates":[[-74.486474,4.358181],[-74.486273,4.3579]]},"properties":{"@id":"way/441618769","foot":"yes","highway":"bridleway","horse":"yes"},"id":"way/441618769"},{"type":"Feature","geometry":{"type":"LineString","coordinates":[[-74.486273,4.3579],[-74.486446,4.357802],[-74.486681,4.357641],[-74.48697,4.35757],[-74.487352,4.357417],[-74.487683,4.357181],[-74.488283,4.356552],[-74.488615,4.356048],[-74.488804,4.355702],[-74.488956,4.355434],[-74.488996,4.35539],[-74.489091,4.355377],[-74.489347,4.355402],[-74.489707,4.3555],[-74.489859,4.355527],[-74.490018,4.355527],[-74.490105,4.355509],[-74.490232,4.355427],[-74.490353,4.35538],[-74.490529,4.355357],[-74.490707,4.355353],[-74.490904,4.355262],[-74.490987,4.355238],[-74.491028,4.355244],[-74.491331,4.355459],[-74.491558,4.35561],[-74.491659,4.355628],[-74.491729,4.35561],[-74.491758,4.355585],[-74.491781,4.355522],[-74.491853,4.355344],[-74.491893,4.355293]]},"properties":{"@id":"way/441618949","access":"permissive","highway":"unclassified","motor_vehicle":"yes","tracktype":"grade2"},"id":"way/441618949"},{"type":"Feature","geometry":{"type":"LineString","coordinates":[[-74.491747,4.355843],[-74.492134,4.35591],[-74.492718,4.356009],[-74.49293,4.356059],[-74.49305,4.356133],[-74.493093,4.356253],[-74.493097,4.356457],[-74.492981,4.356889],[-74.492991,4.35704],[-74.493097,4.357244],[-74.493409,4.357468],[-74.493529,4.357573],[-74.493558,4.357695],[-74.493664,4.358118],[-74.493933,4.358487],[-74.494175,4.358641],[-74.494342,4.358775],[-74.494498,4.358769],[-74.494585,4.358696],[-74.494754,4.35855],[-74.494959,4.35833],[-74.495354,4.358094],[-74.495559,4.357921],[-74.495796,4.3577],[-74.496001,4.357575],[-74.496206,4.357291],[-74.496269,4.357071],[-74.496458,4.357071],[-74.496727,4.356945],[-74.49679,4.356583],[-74.49709,4.355985],[-74.497105,4.355639],[-74.496932,4.355419],[-74.496616,4.355183],[-74.496648,4.355025],[-74.497027,4.355009],[-74.497311,4.354773],[-74.497563,4.354522],[-74.497847,4.354569],[-74.498078,4.354547],[-74.498315,4.354462],[-74.498621,4.354065],[-74.498826,4.353813],[-74.49887,4.353622],[-74.498817,4.353453],[-74.498602,4.353091],[-74.49859,4.352949],[-74.498574,4.352738],[-74.498621,4.352556],[-74.498794,4.35235],[-74.499031,4.352114],[-74.499174,4.351796],[-74.499191,4.351631],[-74.499236,4.3515],[-74.499354,4.351364],[-74.499678,4.351154],[-74.499852,4.351028],[-74.499978,4.350729],[-74.499994,4.350587]]},"properties":{"@id":"way/441618950","access":"permissive","highway":"track","surface":"unpaved"},"id":"way/441618950"},{"type":"Feature","geometry":{"type":"LineString","coordinates":[[-74.499994,4.350587],[-74.500073,4.35043],[-74.500192,4.350335],[-74.500385,4.350244],[-74.500466,4.350138],[-74.500467,4.350021],[-74.50041,4.349877],[-74.500252,4.349766],[-74.50011,4.349647],[-74.500088,4.349486],[-74.500134,4.349355],[-74.500451,4.349029],[-74.500641,4.348888],[-74.500678,4.348738],[-74.500656,4.348494],[-74.500644,4.348285],[-74.500713,4.348029],[-74.50083,4.34777],[-74.50085,4.34769],[-74.500814,4.347597],[-74.500721,4.347497],[-74.50064,4.347336],[-74.500625,4.346952],[-74.500595,4.346555],[-74.500554,4.346178],[-74.500526,4.345518],[-74.500455,4.345278],[-74.500183,4.345032],[-74.499853,4.344785],[-74.499666,4.344638],[-74.499615,4.344513],[-74.499586,4.344392],[-74.499667,4.344237],[-74.499966,4.344052],[-74.500121,4.343852],[-74.500312,4.343508]]},"properties":{"@id":"way/441619131","access":"permissive","highway":"unclassified","surface":"unpaved","tracktype":"grade2"},"id":"way/441619131"},{"type":"Feature","geometry":{"type":"LineString","coordinates":[[-74.502557,4.343362],[-74.502625,4.343366],[-74.502718,4.34332],[-74.502762,4.343203],[-74.502751,4.34293],[-74.502796,4.342875],[-74.502895,4.342889],[-74.503242,4.343088],[-74.503477,4.343288],[-74.503548,4.343266],[-74.503594,4.343213],[-74.503513,4.343009],[-74.503545,4.342929],[-74.503617,4.342895],[-74.504055,4.343004],[-74.504321,4.343129],[-74.504531,4.343432],[-74.504699,4.34356],[-74.505027,4.343727],[-74.505144,4.34383],[-74.505269,4.344154],[-74.505349,4.344236],[-74.505436,4.34425],[-74.505517,4.344208],[-74.50555,4.344125],[-74.505502,4.343978],[-74.505389,4.343809],[-74.505266,4.343111],[-74.505281,4.342929],[-74.505623,4.342659],[-74.505667,4.342587],[-74.505715,4.342223],[-74.505807,4.342111],[-74.507561,4.341496],[-74.508462,4.34111],[-74.508623,4.341113],[-74.508813,4.341177],[-74.508878,4.341282],[-74.508829,4.341431],[-74.50883,4.341604],[-74.508899,4.341766],[-74.509049,4.341835],[-74.509248,4.341747],[-74.509355,4.341755],[-74.509429,4.341829],[-74.509436,4.341983],[-74.509462,4.342228],[-74.509532,4.342482],[-74.509621,4.342571],[-74.509704,4.342565],[-74.510015,4.342362],[-74.510661,4.342084],[-74.511219,4.342057],[-74.511742,4.342215],[-74.512104,4.342517],[-74.512257,4.342726],[-74.512249,4.342837],[-74.512206,4.342914],[-74.512131,4.342934],[-74.512051,4.34291],[-74.511699,4.342622],[-74.511546,4.342603],[-74.511471,4.342632],[-74.511198,4.342822],[-74.511045,4.342878],[-74.510516,4.342988],[-74.510409,4.343049],[-74.510213,4.34329],[-74.51009,4.343386],[-74.509967,4.343392],[-74.509478,4.34333],[-74.509355,4.343349],[-74.509296,4.343416],[-74.509307,4.343542],[-74.509454,4.343892],[-74.509723,4.344646],[-74.509849,4.344879],[-74.510032,4.345067],[-74.510091,4.34517],[-74.510103,4.345288],[-74.510136,4.346053],[-74.510216,4.346526],[-74.510541,4.347214],[-74.510868,4.347778],[-74.511026,4.34785],[-74.511217,4.347797],[-74.511246,4.347684],[-74.511187,4.347561],[-74.510967,4.347484],[-74.51083,4.347315],[-74.510779,4.34673],[-74.510868,4.345566],[-74.510951,4.345253],[-74.511023,4.345216],[-74.51112,4.345224],[-74.511155,4.345285],[-74.511504,4.346262],[-74.511681,4.346398],[-74.511788,4.346419],[-74.51185,4.34639],[-74.511855,4.346315],[-74.511756,4.346045],[-74.511726,4.345802],[-74.511871,4.345585],[-74.512118,4.345457],[-74.512399,4.345481],[-74.513228,4.345778],[-74.513507,4.345892],[-74.514014,4.346069],[-74.514393,4.346094],[-74.514602,4.346089],[-74.514924,4.346169],[-74.515125,4.346203],[-74.515381,4.346145],[-74.515497,4.346212],[-74.515528,4.346315],[-74.515471,4.346418],[-74.515249,4.34641],[-74.514764,4.346393],[-74.514577,4.34643],[-74.514384,4.346541],[-74.51428,4.346691],[-74.51415,4.346948],[-74.514057,4.34703],[-74.513734,4.347072],[-74.513651,4.347133],[-74.513639,4.347222],[-74.5137,4.347509],[-74.513684,4.347581],[-74.513422,4.347982],[-74.513365,4.34814],[-74.513352,4.348228],[-74.513354,4.348319],[-74.513443,4.348394],[-74.513615,4.348402],[-74.513837,4.34837],[-74.513974,4.348378],[-74.514038,4.348437],[-74.514521,4.348857],[-74.51478,4.349016],[-74.514901,4.348992],[-74.515053,4.348904],[-74.515198,4.348797],[-74.515263,4.348698],[-74.515235,4.348572],[-74.515145,4.348342],[-74.515114,4.348147],[-74.515122,4.348015],[-74.515179,4.347963],[-74.515257,4.347952],[-74.515458,4.348063],[-74.515589,4.348075],[-74.515699,4.348037],[-74.515906,4.347814],[-74.51599,4.347782],[-74.516082,4.347791],[-74.516273,4.347952],[-74.516361,4.348062],[-74.516479,4.34824],[-74.516715,4.348396],[-74.516908,4.348469],[-74.51714,4.348458],[-74.517868,4.348345],[-74.517992,4.348374],[-74.518232,4.348497],[-74.518933,4.348762],[-74.519442,4.348948],[-74.519514,4.349006],[-74.519526,4.349079],[-74.519478,4.349142],[-74.519218,4.349153],[-74.518983,4.349143],[-74.518877,4.349173],[-74.518311,4.349413],[-74.518217,4.349544],[-74.518212,4.349648],[-74.518268,4.349774],[-74.518487,4.349843],[-74.518769,4.349873],[-74.51907,4.349852],[-74.519344,4.349871],[-74.519622,4.349985],[-74.519806,4.350132],[-74.519905,4.350274],[-74.520056,4.350378],[-74.520266,4.350436],[-74.520572,4.35045],[-74.521109,4.350666],[-74.521828,4.35095],[-74.522152,4.351052],[-74.522605,4.351185],[-74.52279,4.351402],[-74.522892,4.351533],[-74.523477,4.351846],[-74.523584,4.351977],[-74.523649,4.352341],[-74.523733,4.352484],[-74.523838,4.35252],[-74.524005,4.35249],[-74.524618,4.352298],[-74.52472,4.352191],[-74.524727,4.352097],[-74.52463,4.351957],[-74.524404,4.351722],[-74.52439,4.351669],[-74.524433,4.351594],[-74.524556,4.351589],[-74.524852,4.351705],[-74.525125,4.351968],[-74.525274,4.352139],[-74.525985,4.352434],[-74.52639,4.352446],[-74.52658,4.352489],[-74.526969,4.352662],[-74.52704,4.35272],[-74.52705,4.352795],[-74.526984,4.352914],[-74.526737,4.353095],[-74.525694,4.353607],[-74.525407,4.353864],[-74.525208,4.354126],[-74.5252,4.354266],[-74.525244,4.354377],[-74.525367,4.354455],[-74.525643,4.354487],[-74.525935,4.354493],[-74.526193,4.354534],[-74.526426,4.354601],[-74.52651,4.354689],[-74.526528,4.354889],[-74.526455,4.355092],[-74.526319,4.355284],[-74.526169,4.355394]]},"properties":{"@id":"way/448053861","highway":"unclassified","source":"GPS-trace","tracktype":"grade3"},"id":"way/448053861"},{"type":"Feature","geometry":{"type":"LineString","coordinates":[[-74.528239,4.357043],[-74.528451,4.35729],[-74.528648,4.357606],[-74.52893,4.357745],[-74.52918,4.35767],[-74.529353,4.357473],[-74.529596,4.35734],[-74.529834,4.357387],[-74.530081,4.357526],[-74.530424,4.357783],[-74.531186,4.358136],[-74.531797,4.358393],[-74.532398,4.3585],[-74.532753,4.358714],[-74.533117,4.35866],[-74.533417,4.358468],[-74.53375,4.35835],[-74.533921,4.358136],[-74.533976,4.357922],[-74.534008,4.357698],[-74.534051,4.357409],[-74.53419,4.357269],[-74.534362,4.357173],[-74.534587,4.357119],[-74.535006,4.357045],[-74.535263,4.356949],[-74.53596,4.356959],[-74.536217,4.357013],[-74.536475,4.35697],[-74.536786,4.356788],[-74.536947,4.356724],[-74.537248,4.356681],[-74.53743,4.356691],[-74.537677,4.356713],[-74.537773,4.356542],[-74.537806,4.356296],[-74.537666,4.355697],[-74.53758,4.355547],[-74.537344,4.355451],[-74.53684,4.355365],[-74.536196,4.355259],[-74.535799,4.355023],[-74.535509,4.354724],[-74.535305,4.354552],[-74.534855,4.354552],[-74.53464,4.354499],[-74.534415,4.35436],[-74.534265,4.35405],[-74.534255,4.353718],[-74.534523,4.35344],[-74.534919,4.352937],[-74.535134,4.352648],[-74.535408,4.352426],[-74.535466,4.352097],[-74.535327,4.351672],[-74.535246,4.351378],[-74.535217,4.351148],[-74.5353,4.351001],[-74.535555,4.350846],[-74.535968,4.350674],[-74.536301,4.350514],[-74.536636,4.350369],[-74.53685,4.350145],[-74.537055,4.349963],[-74.536947,4.349631],[-74.536786,4.349182],[-74.536872,4.348872],[-74.537011,4.348583],[-74.537172,4.348241],[-74.5374,4.348054],[-74.537666,4.347973],[-74.537896,4.347861],[-74.538106,4.347823],[-74.538653,4.347631],[-74.538964,4.347609],[-74.539243,4.347567],[-74.5395,4.347342],[-74.539608,4.347149],[-74.539683,4.346882],[-74.539812,4.346647],[-74.53993,4.346508],[-74.540702,4.346208],[-74.540874,4.346048],[-74.541099,4.345662],[-74.541293,4.345491],[-74.541593,4.345512],[-74.541861,4.345695]]},"properties":{"@id":"way/630378560","highway":"unclassified"},"id":"way/630378560"},{"type":"Feature","geometry":{"type":"LineString","coordinates":[[-74.513801,4.26436],[-74.513781,4.264276]]},"properties":{"@id":"way/669731521","highway":"residential"},"id":"way/669731521"},{"type":"Feature","geometry":{"type":"LineString","coordinates":[[-74.621794,4.30778],[-74.622112,4.308045],[-74.622354,4.308036],[-74.622519,4.30803],[-74.622788,4.308085],[-74.622847,4.308098],[-74.623151,4.308219],[-74.62325,4.308259],[-74.623536,4.308395],[-74.623604,4.308523],[-74.623512,4.308733],[-74.623425,4.308901],[-74.623315,4.308983],[-74.623043,4.308901],[-74.622907,4.308842],[-74.622651,4.30873],[-74.622319,4.30858],[-74.622172,4.308525],[-74.62209,4.308494],[-74.62198,4.308355],[-74.621837,4.308116],[-74.621624,4.307975]]},"properties":{"@id":"way/807707488","highway":"residential"},"id":"way/807707488"},{"type":"Feature","geometry":{"type":"LineString","coordinates":[[-74.618158,4.308704],[-74.618174,4.308985],[-74.61822,4.309765],[-74.618187,4.310602],[-74.618125,4.31095],[-74.617982,4.311231],[-74.617764,4.311421]]},"properties":{"@id":"way/807707489","highway":"unclassified"},"id":"way/807707489"},{"type":"Feature","geometry":{"type":"LineString","coordinates":[[-74.60817,4.320858],[-74.607489,4.320704],[-74.607189,4.320843],[-74.607006,4.321185],[-74.605901,4.322726],[-74.605558,4.322961],[-74.603541,4.323817],[-74.600794,4.325143],[-74.599689,4.325689],[-74.59941,4.326074],[-74.599131,4.326919],[-74.59897,4.327454],[-74.599003,4.327893],[-74.599067,4.328299],[-74.598927,4.328578],[-74.598659,4.32862],[-74.59838,4.328556],[-74.598069,4.328342],[-74.597747,4.328107],[-74.596986,4.327946],[-74.596438,4.327679],[-74.596127,4.327347],[-74.595816,4.326941],[-74.595494,4.326663],[-74.595258,4.326727],[-74.595119,4.326898],[-74.595097,4.327091],[-74.595162,4.327219],[-74.595408,4.327444],[-74.595644,4.327829],[-74.595612,4.328182],[-74.595483,4.32877],[-74.595333,4.329027],[-74.594904,4.329166],[-74.594207,4.329476],[-74.593681,4.329893],[-74.593359,4.329915],[-74.592243,4.329797],[-74.590838,4.32969],[-74.590044,4.32953],[-74.589593,4.329551],[-74.588778,4.329177],[-74.587147,4.32923],[-74.581021,4.329177],[-74.580607,4.329223],[-74.578832,4.329423],[-74.578398,4.329835],[-74.577556,4.33091],[-74.577212,4.331306],[-74.575227,4.332172],[-74.573221,4.333156],[-74.57276,4.333509],[-74.572757,4.333718],[-74.572931,4.333969],[-74.573275,4.334087],[-74.573704,4.334098],[-74.57394,4.334173],[-74.574063,4.334221],[-74.574176,4.334472],[-74.574079,4.33489],[-74.573575,4.335531],[-74.572207,4.336681],[-74.571955,4.337051],[-74.571869,4.338045],[-74.571612,4.339532],[-74.571547,4.33995],[-74.571269,4.340228],[-74.567095,4.341629],[-74.565217,4.341704],[-74.563029,4.341052],[-74.562546,4.340966],[-74.561398,4.341052],[-74.560583,4.341116],[-74.560175,4.341116],[-74.559842,4.341052],[-74.559445,4.340752],[-74.559188,4.340613],[-74.558726,4.340592],[-74.558222,4.340581],[-74.557707,4.340367],[-74.557257,4.340025],[-74.556785,4.339532],[-74.556527,4.339212],[-74.556023,4.339062],[-74.555132,4.339062],[-74.55434,4.339188]]},"properties":{"@id":"way/807707491","highway":"unclassified"},"id":"way/807707491"},{"type":"Feature","geometry":{"type":"LineString","coordinates":[[-74.608585,4.320988],[-74.60817,4.320858]]},"properties":{"@id":"way/807707492","bridge":"yes","highway":"unclassified","layer":"1"},"id":"way/807707492"},{"type":"Feature","geometry":{"type":"LineString","coordinates":[[-74.614687,4.311607],[-74.614602,4.311482]]},"properties":{"@id":"way/807707493","bridge":"yes","highway":"unclassified","layer":"1"},"id":"way/807707493"},{"type":"Feature","geometry":{"type":"LineString","coordinates":[[-74.614602,4.311482],[-74.614533,4.311384],[-74.614484,4.311315]]},"properties":{"@id":"way/807707494","highway":"unclassified"},"id":"way/807707494"},{"type":"Feature","geometry":{"type":"LineString","coordinates":[[-74.544031,4.34699],[-74.543867,4.346684],[-74.543563,4.346213]]},"properties":{"@id":"way/817241673","highway":"residential","name":"Carrera 4"},"id":"way/817241673"},{"type":"Feature","geometry":{"type":"LineString","coordinates":[[-74.542708,4.345919],[-74.542413,4.345616],[-74.542204,4.345439]]},"properties":{"@id":"way/817241674","highway":"unclassified"},"id":"way/817241674"},{"type":"Feature","geometry":{"type":"LineString","coordinates":[[-74.532639,4.33765],[-74.532604,4.337995],[-74.532787,4.338198],[-74.533007,4.338377],[-74.533178,4.338447],[-74.533294,4.338497],[-74.533401,4.338679],[-74.533656,4.338746],[-74.533908,4.338784],[-74.534042,4.338701],[-74.534171,4.338682],[-74.534297,4.339032],[-74.534243,4.339503],[-74.534107,4.339701],[-74.534031,4.339706],[-74.533964,4.339602],[-74.533994,4.339319],[-74.533943,4.339131],[-74.533798,4.33919],[-74.533634,4.339201],[-74.533433,4.339225],[-74.533339,4.339214],[-74.533192,4.339086],[-74.533001,4.339067],[-74.532709,4.339131],[-74.532594,4.339089],[-74.53232,4.338933],[-74.532092,4.338832],[-74.531899,4.338912],[-74.531682,4.339016],[-74.531556,4.339014],[-74.531419,4.338859],[-74.531317,4.338655],[-74.531145,4.33862],[-74.531027,4.33873],[-74.530904,4.338901],[-74.530794,4.338928],[-74.530461,4.339008],[-74.530258,4.339046],[-74.53011,4.339185],[-74.529973,4.339254],[-74.529936,4.339225],[-74.529887,4.339054],[-74.529855,4.338979],[-74.529697,4.338963],[-74.529437,4.339006],[-74.529236,4.339126],[-74.529104,4.339185],[-74.52901,4.339155],[-74.528914,4.338968],[-74.528815,4.33861],[-74.528764,4.338286],[-74.528753,4.338059],[-74.528603,4.337856],[-74.52827,4.337593],[-74.528144,4.337444],[-74.527937,4.337318],[-74.527822,4.337144],[-74.527648,4.336968],[-74.527591,4.336858],[-74.527736,4.336759],[-74.527959,4.336751],[-74.528077,4.336759],[-74.528072,4.336633],[-74.527897,4.3365],[-74.52765,4.336334],[-74.527608,4.336197],[-74.527691,4.336021],[-74.527774,4.335815],[-74.527809,4.335465],[-74.527672,4.335197],[-74.52731,4.334836],[-74.527082,4.334619],[-74.526875,4.334483],[-74.526347,4.334226],[-74.525993,4.334109],[-74.525888,4.334036],[-74.525918,4.333967],[-74.526014,4.3339],[-74.526116,4.333796],[-74.526111,4.333654],[-74.525926,4.333394],[-74.525918,4.333156],[-74.525894,4.33295],[-74.525778,4.332648],[-74.525548,4.332442],[-74.525295,4.332218],[-74.525129,4.332164],[-74.524947,4.332105],[-74.524913,4.33208],[-74.524911,4.331992],[-74.52496,4.33192],[-74.524927,4.331859],[-74.524747,4.331802],[-74.524453,4.331775],[-74.524235,4.331787]]},"properties":{"@id":"way/817245015","highway":"unclassified"},"id":"way/817245015"},{"type":"Feature","geometry":{"type":"LineString","coordinates":[[-74.548982,4.340487],[-74.54895,4.340658],[-74.548958,4.34076],[-74.548971,4.340886],[-74.549036,4.340955],[-74.549127,4.340966]]},"properties":{"@id":"way/817245017","highway":"residential"},"id":"way/817245017"},{"type":"Feature","geometry":{"type":"LineString","coordinates":[[-74.549127,4.340966],[-74.549253,4.340966],[-74.549457,4.340888],[-74.549709,4.340875],[-74.549918,4.341052],[-74.550189,4.34153]]},"properties":{"@id":"way/817245018","highway":"residential"},"id":"way/817245018"},{"type":"Feature","geometry":{"type":"LineString","coordinates":[[-74.544908,4.346421],[-74.54498,4.346617],[-74.544918,4.346764],[-74.544758,4.347],[-74.544369,4.347136],[-74.544114,4.347096],[-74.544036,4.347042],[-74.544031,4.34699]]},"properties":{"@id":"way/817245021","highway":"residential","name":"Calle 2"},"id":"way/817245021"},{"type":"Feature","geometry":{"type":"LineString","coordinates":[[-74.55434,4.339188],[-74.553925,4.339284],[-74.553507,4.339332],[-74.55281,4.33953],[-74.55149,4.339936],[-74.550267,4.340193],[-74.549773,4.340204],[-74.549119,4.340372],[-74.548982,4.340487]]},"properties":{"@id":"way/817245722","highway":"residential"},"id":"way/817245722"},{"type":"Feature","geometry":{"type":"LineString","coordinates":[[-74.550189,4.34153],[-74.550315,4.341736],[-74.550852,4.341982],[-74.550959,4.342293],[-74.550873,4.34256],[-74.550347,4.342678],[-74.549339,4.342934],[-74.548534,4.34317],[-74.54803,4.34332],[-74.54774,4.343737],[-74.547504,4.34424],[-74.547172,4.344411],[-74.545755,4.344101],[-74.545391,4.344133],[-74.545219,4.344357],[-74.544554,4.345363],[-74.544339,4.345641],[-74.544361,4.345855],[-74.544575,4.346144],[-74.544908,4.346421]]},"properties":{"@id":"way/817245723","highway":"unclassified"},"id":"way/817245723"},{"type":"Feature","geometry":{"type":"LineString","coordinates":[[-74.543563,4.346213],[-74.542708,4.345919],[-74.541861,4.345695]]},"properties":{"@id":"way/817245725","highway":"residential"},"id":"way/817245725"},{"type":"Feature","geometry":{"type":"LineString","coordinates":[[-74.514962,4.318387],[-74.514733,4.318159]]},"properties":{"@id":"way/818455443","highway":"unclassified"},"id":"way/818455443"},{"type":"Feature","geometry":{"type":"LineString","coordinates":[[-74.514741,4.324272],[-74.514652,4.324039],[-74.514542,4.323737]]},"properties":{"@id":"way/818455444","highway":"unclassified"},"id":"way/818455444"},{"type":"Feature","geometry":{"type":"LineString","coordinates":[[-74.516169,4.3183],[-74.516279,4.318307],[-74.51633,4.318331]]},"properties":{"@id":"way/818455445","alt_name":"Bateas","highway":"residential","horse":"yes","name":"Camino real Boquerón","sac_scale":"mountain_hiking","source":"survey","trail_visibility":"bad"},"id":"way/818455445"},{"type":"Feature","geometry":{"type":"LineString","coordinates":[[-74.514418,4.316506],[-74.515157,4.317013],[-74.515616,4.317357],[-74.515861,4.317688],[-74.516169,4.3183]]},"properties":{"@id":"way/818455446","alt_name":"Bateas","highway":"residential","horse":"yes","name":"Camino real Boquerón","sac_scale":"mountain_hiking","source":"survey","trail_visibility":"bad"},"id":"way/818455446"},{"type":"Feature","geometry":{"type":"LineString","coordinates":[[-74.515468,4.317671],[-74.515511,4.317855],[-74.515652,4.318075],[-74.515787,4.318489],[-74.515863,4.31879],[-74.516012,4.319027],[-74.516219,4.319013]]},"properties":{"@id":"way/818455447","highway":"unclassified"},"id":"way/818455447"},{"type":"Feature","geometry":{"type":"LineString","coordinates":[[-74.516608,4.318186],[-74.51613,4.317394]]},"properties":{"@id":"way/818455448","highway":"residential"},"id":"way/818455448"},{"type":"Feature","geometry":{"type":"LineString","coordinates":[[-74.516242,4.319073],[-74.516219,4.319013],[-74.516138,4.318805],[-74.516186,4.318492],[-74.51633,4.318331],[-74.51647,4.318225],[-74.516608,4.318186],[-74.516699,4.318144],[-74.516787,4.318083],[-74.516821,4.318002],[-74.516764,4.317832],[-74.516291,4.317415],[-74.516175,4.31737],[-74.51613,4.317394],[-74.516032,4.317409],[-74.515821,4.317466],[-74.515616,4.317357]]},"properties":{"@id":"way/818455449","highway":"unclassified","source":"survey"},"id":"way/818455449"},{"type":"Feature","geometry":{"type":"LineString","coordinates":[[-74.516777,4.336869],[-74.516699,4.336997],[-74.516565,4.337163],[-74.516441,4.337203],[-74.516323,4.337278],[-74.516318,4.337358],[-74.516648,4.337842],[-74.516871,4.338107],[-74.517013,4.338177],[-74.517319,4.338305]]},"properties":{"@id":"way/818468947","highway":"unclassified"},"id":"way/818468947"},{"type":"Feature","geometry":{"type":"LineString","coordinates":[[-74.528203,4.331364],[-74.528092,4.331354],[-74.52796,4.331447],[-74.527862,4.331537],[-74.52781,4.331537],[-74.527728,4.331517],[-74.527629,4.331347],[-74.527547,4.331256],[-74.527416,4.331279],[-74.526899,4.331308],[-74.526646,4.331348],[-74.526453,4.331346],[-74.526289,4.33128],[-74.526026,4.331209],[-74.525785,4.331163],[-74.525684,4.331175],[-74.525616,4.331235],[-74.525613,4.331379],[-74.52564,4.331659],[-74.525578,4.331731],[-74.525426,4.331788],[-74.525195,4.331843],[-74.525073,4.331881],[-74.524998,4.331905],[-74.52496,4.33192],[-74.524904,4.331942],[-74.524865,4.33203],[-74.524878,4.332204],[-74.524876,4.332268],[-74.524811,4.332425],[-74.524731,4.332569],[-74.524641,4.33266],[-74.524555,4.332746],[-74.524456,4.332979],[-74.524292,4.333207],[-74.52417,4.333336],[-74.523999,4.333475],[-74.523894,4.33354],[-74.523846,4.333523],[-74.52385,4.333493],[-74.523877,4.333412],[-74.52387,4.333312],[-74.523736,4.333265],[-74.523506,4.333294],[-74.523379,4.333358],[-74.523278,4.333464],[-74.52314,4.333619],[-74.523012,4.333653],[-74.522777,4.333627],[-74.522603,4.333624]]},"properties":{"@id":"way/818468949","highway":"unclassified"},"id":"way/818468949"},{"type":"Feature","geometry":{"type":"LineString","coordinates":[[-74.493297,4.334524],[-74.493112,4.334142],[-74.492463,4.333925],[-74.492036,4.333764],[-74.491983,4.333816],[-74.492095,4.333977],[-74.492162,4.334076],[-74.492115,4.334116],[-74.49202,4.334029],[-74.491862,4.333986],[-74.491645,4.33407],[-74.491628,4.334218],[-74.491559,4.334334],[-74.491339,4.334421],[-74.491081,4.334452],[-74.490805,4.334317],[-74.490486,4.334088],[-74.490352,4.333716],[-74.490303,4.333548],[-74.490065,4.33333]]},"properties":{"@id":"way/818473944","highway":"unclassified"},"id":"way/818473944"},{"type":"Feature","geometry":{"type":"LineString","coordinates":[[-74.502636,4.340628],[-74.502247,4.340391],[-74.502052,4.340402],[-74.501618,4.34047],[-74.501186,4.340498],[-74.500841,4.340391],[-74.500538,4.340337],[-74.499993,4.340083],[-74.49961,4.340087],[-74.499199,4.339929],[-74.499023,4.339873],[-74.498931,4.339766],[-74.498665,4.339599],[-74.498608,4.339393],[-74.49864,4.339213],[-74.498564,4.339054],[-74.498484,4.338891],[-74.498133,4.338564],[-74.498041,4.338392],[-74.497987,4.338123]]},"properties":{"@id":"way/818473946","highway":"unclassified","tracktype":"grade3"},"id":"way/818473946"},{"type":"Feature","geometry":{"type":"LineString","coordinates":[[-74.499912,4.342873],[-74.499849,4.342782],[-74.499729,4.342683],[-74.499608,4.342671],[-74.499452,4.342672]]},"properties":{"@id":"way/818473947","highway":"unclassified"},"id":"way/818473947"},{"type":"Feature","geometry":{"type":"LineString","coordinates":[[-74.542546,4.347917],[-74.542089,4.348072]]},"properties":{"@id":"way/818482478","highway":"residential","name":"Calle 3A"},"id":"way/818482478"},{"type":"Feature","geometry":{"type":"LineString","coordinates":[[-74.542668,4.348451],[-74.542785,4.348437],[-74.542962,4.34834],[-74.543093,4.348282],[-74.543376,4.348305],[-74.543799,4.348409],[-74.543843,4.348432]]},"properties":{"@id":"way/818482479","highway":"residential","name":"Vía Publica"},"id":"way/818482479"},{"type":"Feature","geometry":{"type":"LineString","coordinates":[[-74.542089,4.348072],[-74.542027,4.347938],[-74.541886,4.347549]]},"properties":{"@id":"way/818482481","highway":"residential","name":"Carrera 2"},"id":"way/818482481"},{"type":"Feature","geometry":{"type":"LineString","coordinates":[[-74.542397,4.347553],[-74.542287,4.347529],[-74.541886,4.347549],[-74.541635,4.347545],[-74.541324,4.347692],[-74.541158,4.347725],[-74.540984,4.347666],[-74.540705,4.347473],[-74.540453,4.347446],[-74.54008,4.347543],[-74.539798,4.347537],[-74.5395,4.347342]]},"properties":{"@id":"way/818482482","highway":"residential","name":"Calle 2"},"id":"way/818482482"},{"type":"Feature","geometry":{"type":"LineString","coordinates":[[-74.544036,4.347042],[-74.543306,4.347203],[-74.542682,4.347339],[-74.542488,4.347409],[-74.542397,4.347553]]},"properties":{"@id":"way/818482483","highway":"residential","name":"Calle 2"},"id":"way/818482483"},{"type":"Feature","geometry":{"type":"LineString","coordinates":[[-74.542397,4.347553],[-74.542439,4.347779],[-74.542546,4.347917],[-74.542633,4.348176],[-74.542668,4.348451],[-74.542668,4.348693],[-74.542741,4.348877],[-74.542829,4.349016]]},"properties":{"@id":"way/818482484","highway":"residential","name":"Carrera 3"},"id":"way/818482484"},{"type":"Feature","geometry":{"type":"LineString","coordinates":[[-74.542829,4.349016],[-74.543095,4.349142],[-74.543113,4.349476],[-74.543159,4.349875],[-74.543175,4.350093],[-74.543246,4.350224],[-74.543536,4.350398],[-74.543773,4.350537],[-74.543914,4.350565],[-74.544137,4.350558],[-74.544322,4.350686],[-74.544448,4.351009],[-74.544613,4.35124],[-74.54483,4.351497],[-74.544868,4.351546],[-74.544947,4.35168],[-74.545062,4.351675],[-74.545286,4.351616],[-74.545511,4.351572],[-74.545585,4.35158],[-74.545806,4.351703],[-74.546091,4.351703],[-74.546418,4.351873],[-74.546702,4.35222],[-74.547155,4.352129],[-74.547389,4.352351],[-74.548142,4.352785],[-74.548995,4.352565],[-74.549325,4.352367],[-74.54943,4.352303],[-74.549435,4.352129],[-74.549532,4.35202],[-74.54965,4.352009],[-74.549653,4.351859],[-74.54961,4.351763],[-74.549586,4.351672],[-74.54965,4.351589],[-74.549808,4.351509],[-74.550031,4.35149],[-74.550197,4.351562],[-74.55042,4.351811],[-74.550731,4.35203],[-74.551074,4.352113],[-74.551423,4.352129],[-74.55189,4.352306],[-74.552171,4.352434],[-74.552683,4.352603],[-74.55292,4.352659],[-74.553043,4.352739],[-74.553223,4.352881],[-74.553426,4.352851],[-74.55421,4.352006],[-74.55466,4.351867],[-74.555186,4.351985],[-74.555733,4.352231],[-74.555894,4.352413],[-74.55598,4.352787],[-74.556417,4.353071],[-74.556578,4.353322],[-74.55701,4.353878],[-74.557879,4.354467],[-74.55833,4.354606],[-74.55863,4.355012],[-74.559113,4.355387],[-74.559574,4.35574],[-74.559832,4.356072],[-74.560164,4.356842],[-74.560314,4.356852],[-74.560422,4.356767],[-74.560454,4.356542],[-74.56054,4.356189],[-74.561055,4.356328],[-74.561484,4.356425],[-74.561838,4.356184],[-74.562326,4.356114],[-74.562744,4.355981],[-74.563147,4.356023],[-74.56349,4.356318],[-74.563785,4.356687],[-74.564896,4.357912],[-74.565035,4.358051],[-74.565368,4.3585],[-74.565239,4.359035],[-74.565915,4.359623],[-74.566301,4.360254],[-74.566376,4.360426],[-74.566215,4.360886],[-74.566247,4.361174],[-74.566355,4.361271],[-74.567492,4.361442],[-74.568476,4.361879],[-74.568892,4.362057],[-74.569713,4.362405],[-74.569958,4.362518],[-74.570782,4.362358],[-74.570904,4.362127],[-74.5707,4.361527],[-74.570893,4.36142],[-74.571258,4.361495],[-74.571676,4.361388],[-74.572092,4.360994]]},"properties":{"@id":"way/818482486","highway":"unclassified"},"id":"way/818482486"},{"type":"Feature","geometry":{"type":"LineString","coordinates":[[-74.543843,4.348432],[-74.543864,4.348492],[-74.54391,4.34858],[-74.543986,4.348805],[-74.544023,4.348829]]},"properties":{"@id":"way/818485616","highway":"residential","name":"Carrera 4"},"id":"way/818485616"},{"type":"Feature","geometry":{"type":"LineString","coordinates":[[-74.544023,4.348829],[-74.544064,4.348826],[-74.545122,4.348515]]},"properties":{"@id":"way/818485617","highway":"residential","name":"Calle 6"},"id":"way/818485617"},{"type":"Feature","geometry":{"type":"LineString","coordinates":[[-74.54391,4.34858],[-74.545112,4.348215]]},"properties":{"@id":"way/818485618","highway":"residential","name":"Calle 5"},"id":"way/818485618"},{"type":"Feature","geometry":{"type":"LineString","coordinates":[[-74.641851,4.302551],[-74.641985,4.3017]]},"properties":{"@id":"way/819291490","bridge":"yes","highway":"unclassified","layer":"1"},"id":"way/819291490"},{"type":"Feature","geometry":{"type":"LineString","coordinates":[[-74.640876,4.305946],[-74.641135,4.305014],[-74.641178,4.304512],[-74.641851,4.302551]]},"properties":{"@id":"way/819291491","highway":"unclassified"},"id":"way/819291491"},{"type":"Feature","geometry":{"type":"LineString","coordinates":[[-74.621222,4.304224],[-74.621254,4.303945],[-74.621308,4.303407]]},"properties":{"@id":"way/819642650","highway":"residential"},"id":"way/819642650"},{"type":"Feature","geometry":{"type":"LineString","coordinates":[[-74.620938,4.304204],[-74.620951,4.303914],[-74.62101,4.303337]]},"properties":{"@id":"way/819642651","highway":"residential"},"id":"way/819642651"},{"type":"Feature","geometry":{"type":"LineString","coordinates":[[-74.620629,4.304156],[-74.620634,4.30413],[-74.620646,4.303883],[-74.62071,4.303324]]},"properties":{"@id":"way/819642652","highway":"residential"},"id":"way/819642652"},{"type":"Feature","geometry":{"type":"LineString","coordinates":[[-74.621254,4.303945],[-74.620951,4.303914],[-74.620646,4.303883],[-74.620274,4.303845]]},"properties":{"@id":"way/819642653","highway":"residential"},"id":"way/819642653"},{"type":"Feature","geometry":{"type":"LineString","coordinates":[[-74.620262,4.303019],[-74.62028,4.302733],[-74.620298,4.302447],[-74.620306,4.302333],[-74.620301,4.302197]]},"properties":{"@id":"way/819642654","highway":"residential"},"id":"way/819642654"},{"type":"Feature","geometry":{"type":"LineString","coordinates":[[-74.620926,4.302369],[-74.620917,4.302503],[-74.620901,4.302786],[-74.620887,4.303059]]},"properties":{"@id":"way/819642655","highway":"residential"},"id":"way/819642655"},{"type":"Feature","geometry":{"type":"LineString","coordinates":[[-74.620301,4.302197],[-74.620425,4.302203],[-74.620848,4.302254],[-74.620891,4.302292],[-74.620922,4.302334],[-74.620926,4.302369]]},"properties":{"@id":"way/819642656","highway":"residential"},"id":"way/819642656"},{"type":"Feature","geometry":{"type":"LineString","coordinates":[[-74.621471,4.302557],[-74.620917,4.302503],[-74.620298,4.302447]]},"properties":{"@id":"way/819642657","highway":"residential"},"id":"way/819642657"},{"type":"Feature","geometry":{"type":"LineString","coordinates":[[-74.621479,4.302832],[-74.620901,4.302786],[-74.62028,4.302733]]},"properties":{"@id":"way/819642658","highway":"residential"},"id":"way/819642658"},{"type":"Feature","geometry":{"type":"LineString","coordinates":[[-74.621434,4.303115],[-74.620887,4.303059],[-74.620262,4.303019]]},"properties":{"@id":"way/819642659","highway":"residential"},"id":"way/819642659"},{"type":"Feature","geometry":{"type":"LineString","coordinates":[[-74.619545,4.30452],[-74.619955,4.304355],[-74.620141,4.304209],[-74.620232,4.304051],[-74.620275,4.303904],[-74.620274,4.303845],[-74.620262,4.303019]]},"properties":{"@id":"way/819642660","highway":"residential"},"id":"way/819642660"},{"type":"Feature","geometry":{"type":"LineString","coordinates":[[-74.621238,4.308468],[-74.620242,4.307518]]},"properties":{"@id":"way/819642661","highway":"residential"},"id":"way/819642661"},{"type":"Feature","geometry":{"type":"LineString","coordinates":[[-74.61984,4.30889],[-74.619838,4.309099],[-74.619741,4.309374],[-74.619639,4.309468],[-74.619575,4.309521],[-74.61961,4.309666],[-74.619725,4.30981],[-74.61983,4.30985],[-74.620106,4.309831],[-74.620222,4.309858],[-74.620431,4.310251],[-74.620546,4.310489],[-74.620986,4.310802],[-74.621305,4.311137],[-74.621549,4.311514],[-74.621718,4.311672],[-74.62218,4.311952],[-74.622657,4.312233],[-74.622955,4.312461],[-74.623051,4.312688],[-74.623169,4.312902]]},"properties":{"@id":"way/819642662","highway":"residential"},"id":"way/819642662"},{"type":"Feature","geometry":{"type":"LineString","coordinates":[[-74.608734,4.320913],[-74.608728,4.321094],[-74.608449,4.321469],[-74.608093,4.32203],[-74.608028,4.322215],[-74.608055,4.322439],[-74.608009,4.32253],[-74.607798,4.322784],[-74.607661,4.323036],[-74.607661,4.323127],[-74.60757,4.323202],[-74.607264,4.323266],[-74.606942,4.323378],[-74.60677,4.323523],[-74.606228,4.323967],[-74.606089,4.324122],[-74.605848,4.324732],[-74.605424,4.325694],[-74.605247,4.326074],[-74.605107,4.326277],[-74.605027,4.326315],[-74.604796,4.326336],[-74.604657,4.326315],[-74.604399,4.326074],[-74.604254,4.325924],[-74.604211,4.325833],[-74.604174,4.325732],[-74.604072,4.325673],[-74.604002,4.325694],[-74.60382,4.325823],[-74.603761,4.325908],[-74.603369,4.326037],[-74.603176,4.326197],[-74.603061,4.32651],[-74.602944,4.326784],[-74.602805,4.327069],[-74.602701,4.32727],[-74.602586,4.327424],[-74.602544,4.327563],[-74.602555,4.327946],[-74.602544,4.328127],[-74.602514,4.328182],[-74.602424,4.328217],[-74.602241,4.328226],[-74.60217,4.328245],[-74.60211,4.328376],[-74.602043,4.32871],[-74.602037,4.328996],[-74.602109,4.329241],[-74.602275,4.329503],[-74.602586,4.329701],[-74.603128,4.330027],[-74.603348,4.330396],[-74.603916,4.330867],[-74.604399,4.331322],[-74.604807,4.331536],[-74.604941,4.331691],[-74.604936,4.332033],[-74.605027,4.33214],[-74.605241,4.332258],[-74.60529,4.332418],[-74.605257,4.332482],[-74.605102,4.332445],[-74.604726,4.332365],[-74.604415,4.332477],[-74.604104,4.332595],[-74.604115,4.332734],[-74.60427,4.332852],[-74.604464,4.332905],[-74.60456,4.333119],[-74.60463,4.333509],[-74.604592,4.333953],[-74.604533,4.334194],[-74.604442,4.334435],[-74.604415,4.334766],[-74.604329,4.334927],[-74.604217,4.334879],[-74.604174,4.334654],[-74.604072,4.33428],[-74.603986,4.334109],[-74.603788,4.334076],[-74.603611,4.334237],[-74.602935,4.334799],[-74.602768,4.335221],[-74.602489,4.33574],[-74.602296,4.335927],[-74.602098,4.335836],[-74.601905,4.335612],[-74.601781,4.335638],[-74.601808,4.335804],[-74.601926,4.3362],[-74.601899,4.3365],[-74.602055,4.336997],[-74.602237,4.337254],[-74.602345,4.337714],[-74.602334,4.337965],[-74.601964,4.338168],[-74.601835,4.338415],[-74.601814,4.338741],[-74.601894,4.33911],[-74.602028,4.339276],[-74.602033,4.339506],[-74.601862,4.339918],[-74.601862,4.34034],[-74.601781,4.340517],[-74.601647,4.34079],[-74.601009,4.341624],[-74.600569,4.342132],[-74.600105,4.342662],[-74.599906,4.3431],[-74.599716,4.343223],[-74.599496,4.343357],[-74.599287,4.34325],[-74.599126,4.343047],[-74.598949,4.342924],[-74.598745,4.342951],[-74.598445,4.343245],[-74.598305,4.343443],[-74.598198,4.343785],[-74.598198,4.343983],[-74.59801,4.344245],[-74.597841,4.344422],[-74.597726,4.344462],[-74.597581,4.344438],[-74.597471,4.344387],[-74.597318,4.343999],[-74.597184,4.343694],[-74.597119,4.343559],[-74.597059,4.343527],[-74.596978,4.343522],[-74.596901,4.343555],[-74.596835,4.343694],[-74.596707,4.344154],[-74.596503,4.344793],[-74.596522,4.345029],[-74.596577,4.345241],[-74.596563,4.345327],[-74.596519,4.34541],[-74.596437,4.345466],[-74.596331,4.345497],[-74.59621,4.345499],[-74.596162,4.345514],[-74.595791,4.345759],[-74.595575,4.345892],[-74.595384,4.346109],[-74.595001,4.346409],[-74.594901,4.346508],[-74.59481,4.346577],[-74.594671,4.346454],[-74.59458,4.346259],[-74.594454,4.346187],[-74.594338,4.346291],[-74.594258,4.346433],[-74.594129,4.346681],[-74.593837,4.347112],[-74.592726,4.348423],[-74.592616,4.348487],[-74.592485,4.348482],[-74.592199,4.348412],[-74.592007,4.348444],[-74.591879,4.348618],[-74.591527,4.349377],[-74.591433,4.349476],[-74.591279,4.349552],[-74.59045,4.349673],[-74.589824,4.349829],[-74.589497,4.349942],[-74.589248,4.350099],[-74.589022,4.350534],[-74.588732,4.350839],[-74.588062,4.351065],[-74.587861,4.351263],[-74.587731,4.351507],[-74.587731,4.352046],[-74.587619,4.352258],[-74.587432,4.352416],[-74.58698,4.352569],[-74.586423,4.35331],[-74.586072,4.353959],[-74.585769,4.354266],[-74.585673,4.35449],[-74.585641,4.35508],[-74.585704,4.355368],[-74.585802,4.355531],[-74.585875,4.355997],[-74.585879,4.35631],[-74.585861,4.356449],[-74.585818,4.356536],[-74.585773,4.356592],[-74.585689,4.356625],[-74.585519,4.356625],[-74.585391,4.356641],[-74.585275,4.356783],[-74.585181,4.357027]]},"properties":{"@id":"way/819655159","highway":"unclassified"},"id":"way/819655159"},{"type":"Feature","geometry":{"type":"LineString","coordinates":[[-74.498826,4.382847],[-74.498901,4.382874]]},"properties":{"@id":"way/819932219","highway":"residential"},"id":"way/819932219"},{"type":"Feature","geometry":{"type":"LineString","coordinates":[[-74.661546,4.376484],[-74.661561,4.376465],[-74.661646,4.376433]]},"properties":{"@id":"way/821642136","highway":"residential"},"id":"way/821642136"},{"type":"Feature","geometry":{"type":"LineString","coordinates":[[-74.585181,4.357027],[-74.584963,4.357486],[-74.584527,4.358073],[-74.583701,4.358489],[-74.582929,4.358975],[-74.58241,4.359227],[-74.582281,4.359393],[-74.582156,4.359508],[-74.581984,4.359575],[-74.581468,4.359683],[-74.581319,4.359722],[-74.581166,4.359677],[-74.581105,4.359538],[-74.580992,4.358983],[-74.58092,4.358588],[-74.580726,4.358318],[-74.580683,4.35812],[-74.580686,4.357945],[-74.580664,4.357674],[-74.580581,4.357446],[-74.580425,4.357075],[-74.580334,4.35701],[-74.580199,4.357011],[-74.58007,4.3571],[-74.580034,4.35739],[-74.579951,4.357679],[-74.579637,4.358202],[-74.579562,4.358404],[-74.579519,4.358676],[-74.579443,4.358902],[-74.579267,4.359083],[-74.578943,4.359232],[-74.578725,4.359465],[-74.578418,4.360045],[-74.577593,4.360725],[-74.577337,4.360858],[-74.57692,4.360884],[-74.576689,4.360888],[-74.576599,4.360906],[-74.576502,4.360993],[-74.576376,4.361196],[-74.576271,4.361292],[-74.576113,4.361308],[-74.575981,4.361244],[-74.575879,4.36118],[-74.575811,4.361051],[-74.575785,4.36087],[-74.575682,4.360737],[-74.575564,4.360723],[-74.575423,4.360803],[-74.575241,4.360993],[-74.574916,4.361187],[-74.574456,4.361702],[-74.574079,4.36199],[-74.573693,4.36203],[-74.573221,4.361624],[-74.572974,4.361174],[-74.572459,4.361046],[-74.572092,4.360994]]},"properties":{"@id":"way/821659145","highway":"unclassified"},"id":"way/821659145"},{"type":"Feature","geometry":{"type":"LineString","coordinates":[[-74.599045,4.350549],[-74.599858,4.350509],[-74.599944,4.350485],[-74.600056,4.350415],[-74.60029,4.350105],[-74.600389,4.35003],[-74.600483,4.350006],[-74.601231,4.349911],[-74.601349,4.349954],[-74.601642,4.350188],[-74.601922,4.350535],[-74.601984,4.350557],[-74.602078,4.350534],[-74.602155,4.350436],[-74.602205,4.350327],[-74.602235,4.349923],[-74.602208,4.349639],[-74.602135,4.349391],[-74.602074,4.34903],[-74.602098,4.348869],[-74.60216,4.348642],[-74.602239,4.348491],[-74.602291,4.348423],[-74.602402,4.348315],[-74.602581,4.348209],[-74.602994,4.348115],[-74.603066,4.348137],[-74.603171,4.348116],[-74.603222,4.348078],[-74.603329,4.347906],[-74.603463,4.347842],[-74.603603,4.347842],[-74.603965,4.34793],[-74.604407,4.348064]]},"properties":{"@id":"way/912740239","highway":"track","surface":"unpaved"},"id":"way/912740239"},{"type":"Feature","geometry":{"type":"LineString","coordinates":[[-74.595791,4.345759],[-74.595824,4.345868],[-74.595848,4.345994],[-74.59576,4.346425],[-74.595677,4.347045],[-74.595269,4.348254],[-74.595129,4.348719],[-74.595041,4.348939],[-74.595046,4.34903],[-74.595076,4.349075],[-74.595143,4.349121],[-74.595899,4.349407],[-74.596178,4.349482],[-74.596287,4.349473],[-74.59636,4.34942],[-74.59642,4.349397],[-74.59651,4.349416],[-74.596887,4.349914],[-74.597069,4.3503],[-74.597146,4.350378],[-74.597299,4.350458],[-74.597364,4.35046],[-74.597425,4.350441],[-74.597552,4.350334],[-74.597642,4.350284],[-74.597744,4.350257],[-74.597852,4.350256],[-74.597906,4.350265],[-74.598077,4.35037],[-74.598201,4.350533],[-74.598251,4.35055],[-74.598356,4.350562],[-74.598946,4.350493],[-74.599032,4.350506],[-74.599045,4.350549],[-74.599019,4.350592],[-74.598815,4.350697],[-74.598716,4.350765],[-74.598638,4.35086],[-74.598589,4.35096],[-74.598592,4.35101],[-74.598617,4.35105],[-74.598834,4.351184],[-74.598855,4.351252],[-74.598831,4.351312],[-74.598201,4.351685],[-74.598097,4.351691],[-74.597637,4.351571],[-74.597543,4.35157],[-74.597459,4.351593],[-74.597203,4.351726],[-74.596752,4.351818]]},"properties":{"@id":"way/912740240","highway":"track","surface":"unpaved"},"id":"way/912740240"},{"type":"Feature","geometry":{"type":"LineString","coordinates":[[-74.61947,4.302092],[-74.619538,4.301773],[-74.619623,4.301456]]},"properties":{"@id":"way/912745214","highway":"residential","surface":"unpaved"},"id":"way/912745214"},{"type":"Feature","geometry":{"type":"LineString","coordinates":[[-74.620305,4.301983],[-74.62033,4.301836],[-74.620315,4.30177],[-74.620279,4.301719],[-74.620184,4.301644],[-74.619943,4.301552],[-74.619623,4.301456],[-74.619342,4.30139],[-74.619234,4.301406],[-74.619207,4.301414],[-74.619182,4.301427],[-74.619159,4.301444],[-74.619135,4.30147],[-74.619118,4.301501],[-74.619092,4.301707]]},"properties":{"@id":"way/912745215","highway":"residential","surface":"unpaved"},"id":"way/912745215"},{"type":"Feature","geometry":{"type":"LineString","coordinates":[[-74.619092,4.301707],[-74.619538,4.301773],[-74.619711,4.301807],[-74.620147,4.301941],[-74.620264,4.301973],[-74.620305,4.301983],[-74.6203,4.302076],[-74.620301,4.302197]]},"properties":{"@id":"way/912745217","highway":"residential","surface":"unpaved"},"id":"way/912745217"},{"type":"Feature","geometry":{"type":"LineString","coordinates":[[-74.618174,4.308985],[-74.618074,4.308977],[-74.617995,4.308951],[-74.617948,4.308905],[-74.617915,4.308786],[-74.617783,4.308435],[-74.617675,4.308238],[-74.617596,4.308153],[-74.617522,4.308078],[-74.617368,4.307909],[-74.617172,4.3077],[-74.617106,4.307653],[-74.616957,4.307555],[-74.616686,4.307529],[-74.616182,4.307507]]},"properties":{"@id":"way/912745218","highway":"residential"},"id":"way/912745218"},{"type":"Feature","geometry":{"type":"LineString","coordinates":[[-74.61906,4.302041],[-74.61947,4.302092],[-74.619897,4.302196],[-74.620151,4.302282],[-74.620306,4.302333]]},"properties":{"@id":"way/912745219","highway":"residential","surface":"unpaved"},"id":"way/912745219"},{"type":"Feature","geometry":{"type":"LineString","coordinates":[[-74.623169,4.312902],[-74.623602,4.312792],[-74.623792,4.312744],[-74.624113,4.31276],[-74.624634,4.312655],[-74.624832,4.312615],[-74.62502,4.312589],[-74.625224,4.312583],[-74.625288,4.312562],[-74.625358,4.312482],[-74.625422,4.312107],[-74.625481,4.311957],[-74.625621,4.311829],[-74.626106,4.311586]]},"properties":{"@id":"way/912745220","highway":"residential","surface":"unpaved"},"id":"way/912745220"},{"type":"Feature","geometry":{"type":"LineString","coordinates":[[-74.620779,4.313694],[-74.621656,4.313396],[-74.623169,4.312902]]},"properties":{"@id":"way/912745221","highway":"residential","surface":"unpaved"},"id":"way/912745221"},{"type":"Feature","geometry":{"type":"LineString","coordinates":[[-74.618085,4.305383],[-74.61758,4.304939],[-74.617552,4.304904],[-74.617528,4.304865],[-74.617507,4.304824],[-74.617486,4.304766],[-74.617472,4.304705],[-74.617467,4.304643],[-74.617384,4.304471],[-74.616979,4.304027],[-74.616496,4.303482],[-74.61643,4.303401],[-74.61637,4.303316],[-74.616317,4.303228],[-74.616271,4.303137],[-74.616166,4.302955],[-74.615876,4.302711],[-74.615844,4.302683],[-74.615818,4.30265],[-74.615799,4.302613],[-74.615787,4.302575],[-74.615781,4.302537],[-74.615782,4.302498],[-74.61571,4.301979],[-74.615672,4.301513],[-74.615616,4.30131],[-74.615565,4.301179],[-74.615385,4.301061],[-74.61531,4.301034],[-74.615219,4.300938],[-74.615069,4.300724],[-74.614978,4.300644],[-74.614854,4.300564],[-74.614752,4.300521],[-74.6145,4.300344],[-74.614291,4.300227],[-74.613975,4.300104],[-74.613755,4.299986],[-74.613647,4.299946],[-74.613626,4.299938],[-74.613497,4.299916],[-74.613165,4.299932],[-74.612974,4.299916],[-74.612446,4.299809],[-74.612261,4.299804],[-74.612081,4.299825],[-74.611732,4.299895],[-74.611491,4.299922],[-74.611319,4.299916],[-74.610724,4.299842],[-74.610367,4.299812],[-74.609635,4.299825],[-74.609334,4.299858],[-74.608819,4.299981],[-74.608626,4.299997],[-74.608154,4.299943],[-74.607779,4.2999],[-74.607114,4.29989],[-74.606824,4.299943],[-74.606615,4.300013],[-74.606423,4.300134],[-74.606196,4.300259],[-74.605923,4.300339],[-74.605681,4.300425],[-74.605208,4.300518],[-74.605047,4.300551],[-74.604934,4.300579],[-74.604824,4.300613],[-74.604716,4.300655],[-74.604606,4.300705],[-74.604501,4.300763],[-74.604399,4.300829],[-74.604236,4.300992],[-74.604088,4.30119],[-74.604047,4.301281],[-74.603998,4.301369],[-74.60394,4.301452],[-74.603876,4.301529],[-74.603815,4.301591],[-74.603749,4.301648],[-74.603679,4.3017],[-74.603605,4.301746],[-74.60354,4.301779],[-74.603472,4.301805],[-74.603401,4.301823],[-74.603329,4.301834],[-74.603266,4.301837],[-74.603203,4.301835],[-74.603141,4.301826],[-74.602999,4.301825],[-74.602856,4.301817],[-74.602715,4.301802],[-74.602573,4.301781],[-74.602433,4.301753],[-74.602294,4.301719],[-74.601757,4.301551],[-74.601199,4.301323],[-74.600609,4.301128],[-74.600457,4.301064],[-74.600301,4.301009],[-74.600142,4.300963],[-74.599981,4.300926],[-74.599818,4.300898],[-74.599684,4.300882],[-74.59955,4.300872],[-74.599416,4.300869],[-74.599027,4.300869],[-74.598927,4.300863]]},"properties":{"@id":"way/912745222","highway":"unclassified","surface":"unpaved"},"id":"way/912745222"},{"type":"Feature","geometry":{"type":"LineString","coordinates":[[-74.633093,4.309968],[-74.633032,4.310067]]},"properties":{"@id":"way/912798850","highway":"unclassified","surface":"unpaved"},"id":"way/912798850"},{"type":"Feature","geometry":{"type":"LineString","coordinates":[[-74.62015,4.306583],[-74.620643,4.307019]]},"properties":{"@id":"way/1027667068","highway":"residential","name":"Carrera 4"},"id":"way/1027667068"},{"type":"Feature","geometry":{"type":"LineString","coordinates":[[-74.620692,4.30696],[-74.621794,4.30778]]},"properties":{"@id":"way/1027667069","highway":"residential","name":"Carrera 4"},"id":"way/1027667069"},{"type":"Feature","geometry":{"type":"LineString","coordinates":[[-74.620545,4.304519],[-74.620986,4.304576],[-74.621052,4.30457],[-74.621115,4.304549],[-74.62117,4.304483],[-74.621222,4.304224]]},"properties":{"@id":"way/1074193427","highway":"residential"},"id":"way/1074193427"},{"type":"Feature","geometry":{"type":"LineString","coordinates":[[-74.619955,4.304355],[-74.620136,4.304439],[-74.62023,4.304463],[-74.620545,4.304519],[-74.620572,4.304408],[-74.620602,4.304293],[-74.620629,4.304156]]},"properties":{"@id":"way/1074193428","highway":"residential"},"id":"way/1074193428"},{"type":"Feature","geometry":{"type":"LineString","coordinates":[[-74.63382,4.306171],[-74.633866,4.306735],[-74.63384,4.306933],[-74.63352,4.307815]]},"properties":{"@id":"way/1074445923","highway":"unclassified"},"id":"way/1074445923"},{"type":"Feature","geometry":{"type":"LineString","coordinates":[[-74.619782,4.307011],[-74.620175,4.307337],[-74.620301,4.307444]]},"properties":{"@id":"way/1074448143","highway":"residential","name":"Carrera 3"},"id":"way/1074448143"},{"type":"Feature","geometry":{"type":"LineString","coordinates":[[-74.451537,4.348745],[-74.45152,4.348725],[-74.451509,4.34871]]},"properties":{"@id":"way/1092489044","covered":"yes","highway":"service"},"id":"way/1092489044"},{"type":"Feature","geometry":{"type":"LineString","coordinates":[[-74.602586,4.327424],[-74.602382,4.32764],[-74.602329,4.327741],[-74.602225,4.327858],[-74.602171,4.327906],[-74.602094,4.327933],[-74.601873,4.327974],[-74.601821,4.327986],[-74.601702,4.328035],[-74.601625,4.328039],[-74.601567,4.328032],[-74.60129,4.327785]]},"properties":{"@id":"way/1174171185","highway":"service"},"id":"way/1174171185"},{"type":"Feature","geometry":{"type":"LineString","coordinates":[[-74.469517,4.288176],[-74.469505,4.288171]]},"properties":{"@id":"way/1352605097","highway":"ladder","incline":"up"},"id":"way/1352605097"},{"type":"Feature","geometry":{"type":"LineString","coordinates":[[-74.4514,4.286222],[-74.451307,4.286279]]},"properties":{"@id":"way/1389413821","highway":"service"},"id":"way/1389413821"},{"type":"Feature","geometry":{"type":"LineString","coordinates":[[-74.59536,4.343523],[-74.595709,4.34455],[-74.595887,4.345045],[-74.595937,4.345152],[-74.596007,4.345257],[-74.596162,4.345514]]},"properties":{"@id":"way/1429109127","highway":"track"},"id":"way/1429109127"},{"type":"Feature","geometry":{"type":"LineString","coordinates":[[-74.522283,4.325523],[-74.522055,4.325721],[-74.521776,4.326031],[-74.521455,4.326165],[-74.521127,4.326401],[-74.520918,4.326802],[-74.520843,4.327165],[-74.520746,4.327508],[-74.520071,4.328417],[-74.519952,4.328845],[-74.519785,4.328984],[-74.519716,4.329241],[-74.519757,4.329356],[-74.519918,4.329447],[-74.520068,4.329567],[-74.520199,4.329883],[-74.520253,4.330364],[-74.520213,4.330589],[-74.520264,4.330664],[-74.520336,4.330781],[-74.520513,4.331022],[-74.52054,4.331215],[-74.520516,4.33134],[-74.5205,4.331552],[-74.5205,4.331766],[-74.52039,4.331942],[-74.520304,4.332022],[-74.520237,4.332172],[-74.52025,4.332354],[-74.520325,4.332691],[-74.520317,4.333071],[-74.520241,4.333259],[-74.520113,4.333396],[-74.519664,4.333861],[-74.519318,4.333949],[-74.519092,4.334078],[-74.518802,4.334118],[-74.51867,4.33408],[-74.518564,4.334011],[-74.518446,4.33374],[-74.518349,4.333587],[-74.5183,4.333452],[-74.518343,4.333135],[-74.518258,4.3329],[-74.518127,4.332787],[-74.518102,4.332688],[-74.518177,4.332592],[-74.518204,4.332482],[-74.51815,4.332416],[-74.518048,4.332389],[-74.517699,4.332482],[-74.517471,4.332613],[-74.517192,4.332798],[-74.517013,4.333124],[-74.51683,4.333435],[-74.516948,4.333731],[-74.517002,4.33394],[-74.517024,4.334162],[-74.517002,4.334622],[-74.51712,4.3349],[-74.517431,4.335093],[-74.517603,4.335243],[-74.517764,4.335598],[-74.517968,4.335767],[-74.517982,4.335824],[-74.517935,4.335877],[-74.517804,4.335979],[-74.51779,4.336089],[-74.517817,4.336259],[-74.517925,4.336387],[-74.518129,4.336536],[-74.518181,4.336623],[-74.518161,4.336729],[-74.517997,4.3368],[-74.517549,4.336831],[-74.517223,4.336843],[-74.516907,4.336865],[-74.516777,4.336869],[-74.51664,4.336881],[-74.516509,4.336917],[-74.51643,4.33698],[-74.51636,4.337096],[-74.51631,4.337116],[-74.516217,4.337084],[-74.516181,4.336974],[-74.516218,4.336856],[-74.516284,4.336761],[-74.516401,4.336663],[-74.516559,4.336564],[-74.516657,4.336508],[-74.516661,4.33643],[-74.516623,4.336396],[-74.516519,4.336393],[-74.516338,4.336417],[-74.516168,4.336461],[-74.515988,4.336514],[-74.515803,4.33648],[-74.515641,4.336389],[-74.515552,4.336401],[-74.515457,4.336461],[-74.515099,4.337005],[-74.514855,4.337167],[-74.514095,4.337104],[-74.513934,4.337147],[-74.513812,4.337289],[-74.513639,4.337432],[-74.513573,4.337444],[-74.513514,4.337376],[-74.513369,4.337132],[-74.513246,4.336949],[-74.513132,4.336917]]},"properties":{"@id":"way/1429112286","highway":"unclassified"},"id":"way/1429112286"},{"type":"Feature","geometry":{"type":"LineString","coordinates":[[-74.495998,4.331244],[-74.495931,4.331088],[-74.495868,4.330795],[-74.495858,4.330581],[-74.495801,4.330442],[-74.495637,4.330243],[-74.49553,4.330023],[-74.495302,4.32979],[-74.495135,4.329635],[-74.495018,4.329528],[-74.494945,4.329547],[-74.494951,4.329601],[-74.495049,4.329736],[-74.49515,4.330086],[-74.495214,4.330193],[-74.49521,4.330395],[-74.495103,4.330637],[-74.494954,4.33082],[-74.494787,4.330996],[-74.494553,4.33116],[-74.494477,4.331167],[-74.49395,4.331157],[-74.49382,4.331214],[-74.493706,4.331289],[-74.493637,4.331293],[-74.493567,4.331249],[-74.49357,4.331189],[-74.493637,4.331072],[-74.493801,4.330836],[-74.494047,4.330584],[-74.494057,4.330518],[-74.494025,4.330458],[-74.49395,4.330395],[-74.493804,4.330291],[-74.493583,4.330177],[-74.493428,4.330105],[-74.493352,4.330032],[-74.493292,4.329941],[-74.493248,4.32989],[-74.493194,4.329881],[-74.493153,4.329913],[-74.493144,4.329963],[-74.493156,4.330039],[-74.49315,4.330218],[-74.493115,4.33036],[-74.493017,4.330527],[-74.492938,4.330707],[-74.492856,4.330804],[-74.492736,4.330899],[-74.492385,4.331047],[-74.492095,4.331097],[-74.491823,4.331091],[-74.491665,4.331059],[-74.491453,4.331056],[-74.491181,4.330971],[-74.490891,4.330845],[-74.490322,4.330555],[-74.489835,4.330351],[-74.489563,4.330313],[-74.489415,4.330316],[-74.489298,4.330366],[-74.489089,4.330458],[-74.488982,4.330524],[-74.48896,4.330599],[-74.488963,4.330697],[-74.48902,4.330839],[-74.48914,4.331107],[-74.489238,4.331182],[-74.489497,4.331353],[-74.48969,4.331554],[-74.489864,4.331847],[-74.489902,4.332068],[-74.490009,4.332301],[-74.490044,4.33244],[-74.49006,4.332695],[-74.490139,4.332871],[-74.49024,4.332988],[-74.490295,4.333107]]},"properties":{"@id":"way/1498062744","highway":"path"},"id":"way/1498062744"},{"type":"Feature","geometry":{"type":"LineString","coordinates":[[-74.487832,4.333456],[-74.487756,4.333694],[-74.487582,4.33399],[-74.487424,4.334144],[-74.48738,4.334173],[-74.487317,4.334166],[-74.48726,4.334166]]},"properties":{"@id":"way/1498062745","highway":"track"},"id":"way/1498062745"},{"type":"Feature","geometry":{"type":"LineString","coordinates":[[-74.661882,4.309912],[-74.662985,4.310402],[-74.663657,4.31077],[-74.664018,4.31106],[-74.664264,4.311639],[-74.664812,4.312478],[-74.665313,4.313294],[-74.66549,4.314222],[-74.665265,4.315334],[-74.665553,4.315673],[-74.665711,4.316287],[-74.665576,4.316914],[-74.665486,4.318453],[-74.665428,4.319565],[-74.66556,4.320712],[-74.665681,4.321693],[-74.665696,4.322799],[-74.666121,4.323622],[-74.66625,4.324725],[-74.666492,4.325597],[-74.666509,4.325661],[-74.666558,4.326029],[-74.666545,4.326222],[-74.66646,4.326364],[-74.666281,4.32673],[-74.666224,4.32695],[-74.666143,4.327012],[-74.665995,4.327066],[-74.665681,4.327064],[-74.665128,4.327101]]},"properties":{"@id":"way/1513254981","highway":"tertiary","lanes":"1","name":"Vía Agua de Dios-Nilo","source":"bing","surface":"paved","width":"6"},"id":"way/1513254981"},{"type":"Feature","geometry":{"type":"LineString","coordinates":[[-74.665128,4.327101],[-74.664674,4.327286]]},"properties":{"@id":"way/1513254982","bridge":"yes","highway":"tertiary","lanes":"1","layer":"1","name":"Vía Agua de Dios-Nilo","source":"bing","surface":"paved","width":"6"},"id":"way/1513254982"},{"type":"Feature","geometry":{"type":"LineString","coordinates":[[-74.623952,4.306397],[-74.624167,4.306411],[-74.624451,4.306387],[-74.624952,4.30633],[-74.62537,4.306263],[-74.62556,4.306213],[-74.625673,4.306152],[-74.625768,4.30609],[-74.626177,4.305658],[-74.626586,4.305213],[-74.626878,4.304895],[-74.627054,4.304761],[-74.627138,4.304718],[-74.627265,4.304652],[-74.6275,4.304562],[-74.627922,4.304385],[-74.628334,4.304261],[-74.628679,4.304233],[-74.629025,4.304229],[-74.629337,4.304249],[-74.62951,4.304291],[-74.629696,4.304423],[-74.629812,4.304597],[-74.630115,4.305085],[-74.630215,4.305195],[-74.630551,4.305354],[-74.630882,4.305502],[-74.631605,4.305793],[-74.631855,4.305836],[-74.632098,4.305895],[-74.632621,4.305988],[-74.633135,4.306127],[-74.63382,4.306171],[-74.634217,4.306136],[-74.635818,4.305676],[-74.640533,4.305857],[-74.640876,4.305946],[-74.641604,4.306601],[-74.641918,4.30678],[-74.642286,4.306789],[-74.64278,4.306758],[-74.644992,4.30633],[-74.64723,4.305906],[-74.648339,4.305816],[-74.648559,4.30588],[-74.649,4.306542],[-74.650004,4.307298],[-74.651216,4.307713],[-74.65159,4.307878],[-74.652331,4.308313],[-74.65259,4.308431],[-74.652871,4.308463],[-74.653669,4.308486],[-74.654845,4.308449],[-74.655045,4.308473],[-74.655323,4.308523],[-74.655521,4.308532],[-74.655654,4.308478],[-74.65577,4.308379],[-74.656244,4.307832],[-74.656259,4.30782],[-74.656319,4.307776],[-74.656487,4.307687],[-74.656657,4.307632],[-74.656852,4.307645],[-74.657125,4.307711],[-74.657282,4.307775],[-74.657539,4.307844],[-74.657727,4.307871],[-74.657963,4.307849],[-74.658306,4.307721],[-74.658628,4.307587],[-74.658848,4.307464],[-74.659111,4.307277],[-74.65954,4.306887],[-74.659932,4.306485],[-74.660205,4.306164],[-74.660597,4.305694],[-74.660849,4.305549],[-74.6611,4.305352],[-74.662391,4.304094],[-74.662621,4.303899],[-74.662845,4.303776],[-74.66303,4.303797],[-74.663162,4.303819]]},"properties":{"@id":"way/1513254983","highway":"tertiary","lanes":"2","name":"Vía Melgar-Nilo","source":"bing","surface":"asphalt","width":"8"},"id":"way/1513254983"},{"type":"Feature","geometry":{"type":"LineString","coordinates":[[-74.663162,4.303819],[-74.663447,4.303873]]},"properties":{"@id":"way/1513254984","bridge":"yes","highway":"tertiary","lanes":"2","layer":"1","name":"Vía Melgar-Nilo","source":"bing","surface":"asphalt","width":"8"},"id":"way/1513254984"},{"type":"Feature","geometry":{"type":"LineString","coordinates":[[-74.656259,4.30782],[-74.656272,4.30786],[-74.65628,4.30791],[-74.656256,4.307976],[-74.656136,4.308192],[-74.656037,4.308588],[-74.656052,4.308766],[-74.656118,4.30883],[-74.656207,4.308902],[-74.656303,4.308913],[-74.656678,4.308893],[-74.656779,4.308921],[-74.656953,4.309039],[-74.657828,4.30934],[-74.658655,4.309262],[-74.659465,4.309088],[-74.660268,4.308738],[-74.660693,4.308714],[-74.660963,4.309148],[-74.661517,4.309521],[-74.661838,4.309879]]},"properties":{"@id":"way/1513254999","highway":"tertiary","lanes":"1","name":"Vía Agua de Dios-Nilo","source":"bing","surface":"paved","width":"6"},"id":"way/1513254999"},{"type":"Feature","geometry":{"type":"LineString","coordinates":[[-74.661838,4.309879],[-74.661882,4.309912]]},"properties":{"@id":"way/1513255000","bridge":"yes","highway":"tertiary","lanes":"1","layer":"1","name":"Vía Agua de Dios-Nilo","source":"bing","surface":"paved","width":"6"},"id":"way/1513255000"},{"type":"Feature","properties":{},"geometry":{"type":"LineString","coordinates":[[-74.616182,4.307507],[-74.616203,4.307216]]}},{"type":"Feature","properties":{},"geometry":{"type":"LineString","coordinates":[[-74.621479,4.302832],[-74.621471,4.302556]]}},{"type":"Feature","properties":{},"geometry":{"type":"LineString","coordinates":[[-74.605948,4.324492],[-74.605512,4.324219]]}},{"type":"Feature","properties":{},"geometry":{"type":"LineString","coordinates":[[-74.5784,4.329831],[-74.578342,4.329639],[-74.578403,4.329237]]}},{"type":"Feature","properties":{},"geometry":{"type":"LineString","coordinates":[[-74.659715,4.348115],[-74.659642,4.348104],[-74.659548,4.348081],[-74.659355,4.348046],[-74.658969,4.34797],[-74.658218,4.347805],[-74.657997,4.347844],[-74.657723,4.34794],[-74.657486,4.348119],[-74.657382,4.34819],[-74.657218,4.348548],[-74.657069,4.348715],[-74.656976,4.348934],[-74.656916,4.349189],[-74.656885,4.34931],[-74.656818,4.349356],[-74.656683,4.349375],[-74.656541,4.349346],[-74.656347,4.349283],[-74.65616,4.349217],[-74.656073,4.349203],[-74.655976,4.349195],[-74.655857,4.349228],[-74.655765,4.349332],[-74.655708,4.349427],[-74.655686,4.349538],[-74.655698,4.349681],[-74.655755,4.349874],[-74.65582,4.349982],[-74.65587,4.350072],[-74.655868,4.350127],[-74.655825,4.350158],[-74.655787,4.35023],[-74.65579,4.350329],[-74.655789,4.350462],[-74.655764,4.350539],[-74.655721,4.350561],[-74.655662,4.35058],[-74.655587,4.350549],[-74.655523,4.350516],[-74.655472,4.350475],[-74.655382,4.350431],[-74.655153,4.350466],[-74.65492,4.350509],[-74.654703,4.350589],[-74.654456,4.350676],[-74.654151,4.350762],[-74.653755,4.350856],[-74.653518,4.350892],[-74.653398,4.350924],[-74.65329,4.350979],[-74.652742,4.351276],[-74.652205,4.3516],[-74.651895,4.351787],[-74.651673,4.352008],[-74.651525,4.3521],[-74.65137,4.352203],[-74.651282,4.352282],[-74.65113,4.352347],[-74.651026,4.352344],[-74.650985,4.352298],[-74.650986,4.35225],[-74.650982,4.352201],[-74.651007,4.352143],[-74.651105,4.351995],[-74.651181,4.351944],[-74.651253,4.351872],[-74.651325,4.35173],[-74.651374,4.351631],[-74.651414,4.351517],[-74.651535,4.351262],[-74.651559,4.351135]]}},{"type":"Feature","properties":{},"geometry":{"type":"LineString","coordinates":[[-74.724982,4.250634],[-74.725544,4.250214],[-74.725648,4.250059],[-74.725735,4.249873],[-74.725738,4.249659],[-74.725716,4.249473],[-74.725639,4.249335],[-74.725508,4.249084],[-74.725112,4.248547],[-74.724005,4.246924],[-74.723498,4.24625]]}},{"type":"Feature","properties":{},"geometry":{"type":"LineString","coordinates":[[-74.725431,4.250299],[-74.725909,4.250038],[-74.726177,4.249986],[-74.726813,4.249953],[-74.727693,4.250007]]}},{"type":"Feature","properties":{},"geometry":{"type":"LineString","coordinates":[[-74.485795,4.336854],[-74.485275,4.336554],[-74.485111,4.336331],[-74.484921,4.335911],[-74.484857,4.335851]]}}]}